timestamp,SPY_buy_hold,SPY_sma40_trend,SPY_dca_weekly,cmn_SPY_buy_hold,cmn_60_40,cmn_dual_momentum,cmn_SPY_sma40
1999-11-12,,,100.0,,,,
1999-11-19,10000.0,10000.0,201.96777053980793,,,,
1999-11-26,9925.441720727786,10000.0,300.46193359581855,,,,
1999-12-03,10094.29892072509,10000.0,405.5735610921358,,,,
1999-12-10,9956.136901404652,10000.0,500.0224215208256,,,,
1999-12-17,10037.548789832388,10000.0,604.1111328347969,,,,
1999-12-23,10304.637309250573,10000.0,720.1858888744716,,,,
1999-12-31,10332.119158421736,10000.0,822.1065814111688,,,,
2000-01-07,10252.988061237558,10000.0,915.8102742555963,,,,
2000-01-14,10338.714352805822,10000.0,1023.4674584952677,,,,
2000-01-21,10160.655339860365,10000.0,1105.8407401990992,,,,
2000-01-28,9558.312978488653,10000.0,1140.284464499099,,,,
2000-02-04,10030.953595448304,10000.0,1296.6693887031163,,,,
2000-02-11,9756.168810011211,10000.0,1361.1488356104062,,,,
2000-02-18,9518.741812184142,10000.0,1428.0237956558733,,,,
2000-02-25,9379.152893908376,10000.0,1507.082341329157,,,,
2000-03-03,9927.632628572585,10000.0,1695.214407416511,,,,
2000-03-10,9857.28763361729,10000.0,1783.2024954734113,,,,
2000-03-17,10362.612101451392,10000.0,1974.616674054591,,,,
2000-03-24,10829.826008210848,10000.0,2163.6452280142817,,,,
2000-03-31,10605.027627909692,10000.0,2218.7337084353735,,,,
2000-04-07,10679.96791162664,10000.0,2334.4123600557537,,,,
2000-04-14,9591.255244134545,10000.0,2196.4430769480737,,,,
2000-04-20,10142.21800768952,10000.0,2422.6161707573087,,,,
2000-04-28,10232.573294293974,10000.0,2544.1988441208077,,,,
2000-05-05,10122.37624741304,10000.0,2616.7997538590907,,,,
2000-05-12,10071.693245936705,10000.0,2703.697369345177,,,,
2000-05-19,9952.687625977198,10000.0,2771.7508858924944,,,,
2000-05-26,9732.304767640177,10000.0,2810.3758678283475,,,,
2000-06-02,10426.51919797043,10000.0,3110.842615292465,,,,
2000-06-09,10338.366054635622,10000.0,3184.5413588759143,,,,
2000-06-16,10362.937928771898,10000.0,3292.1102676414325,,,,
2000-06-23,10206.091397934028,10000.0,3342.2830778845905,,,,
2000-06-30,10270.144554976056,10000.0,3463.2591572199167,,,,
2000-07-07,10468.966633035292,10000.0,3630.30518357429,,,,
2000-07-14,10692.090935034525,10000.0,3807.6776061372952,,,,
2000-07-21,10440.248887131165,10000.0,3817.9913762023016,,,,
2000-07-28,10044.818109707176,10000.0,3773.3826303369897,,,,
2000-08-04,10347.466748760166,10000.0,3987.073998883928,,,,
2000-08-11,10420.373420580147,9995.0,4115.166313903296,,,,
2000-08-18,10581.63547338215,10149.679122590049,4278.851187814921,,,,
2000-08-25,10692.090935034521,10255.625646256376,4423.515595739459,,,,
2000-09-01,10780.457551441386,10340.385020545426,4560.074497846967,,,,
2000-09-08,10590.477752735258,10158.160448408928,4579.714083546176,,,,
2000-09-15,10347.489219609855,9925.091028478948,4574.636859149267,,,,
2000-09-22,10296.547803362084,9876.229108195854,4652.115600563882,,,,
2000-09-29,10179.171320005118,9758.705973527614,4699.083362983635,,,,
2000-10-06,9997.561912808604,9758.705973527614,4715.245718730485,,,,
2000-10-13,9749.506203078052,9758.705973527614,4698.2528325133835,,,,
2000-10-20,9915.610723988302,9758.705973527614,4878.298018351973,,,,
2000-10-27,9871.309443823995,9758.705973527614,4956.502603702106,,,,
2000-11-03,10119.365153554545,9758.705973527614,5181.054344090701,,,,
2000-11-10,9683.059900544013,9758.705973527614,5057.668667997595,,,,
2000-11-17,9684.160972178835,9758.705973527614,5158.243781191756,,,,
2000-11-24,9556.807431559404,9758.705973527614,5190.409240770529,,,,
2000-12-01,9370.771266973912,9758.705973527614,5189.370914457358,,,,
2000-12-08,9494.799121839189,9758.705973527614,5358.05539349152,,,,
2000-12-15,9311.324634118386,9758.705973527614,5354.518029942735,,,,
2000-12-22,9309.111255423897,9758.705973527614,5453.245216826188,,,,
2000-12-29,9326.885697528875,9758.705973527614,5563.657423612765,,,,
2001-01-05,9184.69016068904,9758.705973527614,5578.835192505853,,,,
2001-01-12,9384.647016657633,9758.705973527614,5800.290170904028,,,,
2001-01-19,9527.954860557134,9758.705973527614,5988.863249562001,,,,
2001-01-26,9660.150869284813,9758.705973527614,6171.955983521666,,,,
2001-02-02,9583.716274063463,9758.705973527614,6223.121243391009,,,,
2001-02-09,9373.276766714374,9758.705973527614,6186.473774790856,,,,
2001-02-16,9270.899575525642,9758.705973527614,6218.903615049606,,,,
2001-02-23,8884.131310657243,9758.705973527614,6059.460122971851,,,,
2001-03-02,8788.158311630232,9758.705973527614,6094.001324564787,,,,
2001-03-09,8770.383869525253,9758.705973527614,6181.6759351156925,,,,
2001-03-16,8199.163634974522,9758.705973527614,5879.05976345153,,,,
2001-03-23,8161.378901220385,9758.705973527614,5951.966913768774,,,,
2001-03-30,8318.933263823497,9758.705973527614,6166.868864123441,,,,
2001-04-06,8077.259275404975,9758.705973527614,6087.714668846038,,,,
2001-04-12,8472.925996750708,9758.705973527614,6485.923011723563,,,,
2001-04-20,8875.715977448248,9758.705973527614,6894.253900686801,,,,
2001-04-27,8966.970098040309,9758.705973527614,7065.135965687987,,,,
2001-05-04,9078.178333157302,9758.705973527614,7252.757681051739,,,,
2001-05-11,8922.05086950952,9758.705973527614,7228.023993340544,,,,
2001-05-18,9249.28261812363,9758.705973527614,7593.12435703031,,,,
2001-05-25,9132.366787185314,9758.705973527614,7597.143243653944,,,,
2001-06-01,9034.697239006688,9758.705973527614,7615.892723898521,,,,
2001-06-08,9053.943521766378,9758.705973527614,7732.1165796574915,,,,
2001-06-15,8711.487772487131,9758.705973527614,7539.6575235086075,,,,
2001-06-22,8782.990016201473,9758.705973527614,7701.541606210439,,,,
2001-06-29,8765.114455272887,9758.705973527614,7785.867060757022,,,,
2001-07-06,8511.306208021633,9758.705973527614,7660.414525926377,,,,
2001-07-13,8739.374096952717,9758.705973527614,7965.682028535843,,,,
2001-07-20,8675.028818864716,9758.705973527614,8007.033203162245,,,,
2001-07-27,8637.142966286972,9758.705973527614,8072.064641575403,,,,
2001-08-03,8717.925670923381,9758.705973527614,8247.56220092942,,,,
2001-08-10,8528.462701760129,9758.705973527614,8168.321440921748,,,,
2001-08-17,8346.875765413306,9758.705973527614,8094.402586208703,,,,
2001-08-24,8509.160241876212,9758.705973527614,8351.77834246783,,,,
2001-08-31,8160.985661350799,9758.705973527614,8110.043454609049,,,,
2001-09-07,7772.779262102225,9758.705973527614,7824.26030317264,,,,
2001-09-10,7867.864662566472,9758.705973527614,8019.975477780914,,,,
2001-09-21,6981.277288038082,9758.705973527614,7216.247553169095,,,,
2001-09-28,7495.106972479938,9758.705973527614,7847.371307478706,,,,
2001-10-05,7695.333478644815,9758.705973527614,8157.008307356652,,,,
2001-10-12,7858.235903474205,9758.705973527614,8429.683921260765,,,,
2001-10-19,7703.951049501022,9758.705973527614,8364.179529587209,,,,
2001-10-26,7917.087058812944,9758.705973527614,8695.581291442917,,,,
2001-11-02,7840.304165421396,9758.705973527614,8711.248267652913,,,,
2001-11-09,8089.326121688629,9758.705973527614,9087.932952248166,,,,
2001-11-16,8207.017196941259,9758.705973527614,9320.152692790733,,,,
2001-11-23,8301.743063810462,9758.705973527614,9527.7264338945,,,,
2001-11-30,8184.771055747921,9758.705973527614,9493.480253944472,,,,
2001-12-07,8364.89738686488,9758.705973527614,9802.407999879824,,,,
2001-12-14,8118.751699358,9758.705973527614,9613.962087782667,,,,
2001-12-21,8277.541958694075,9758.705973527614,9901.99635582007,,,,
2001-12-28,8353.15636790173,9758.705973527614,10092.449972142158,,,,
2002-01-04,8469.813784068609,9753.82662054085,10333.397786918827,,,,
2002-01-11,8276.822891503987,9526.70164447394,10197.943771876153,,,,
2002-01-18,8147.930097680774,9526.70164447394,10139.133866041584,,,,
2002-01-25,8176.737726983661,9526.70164447394,10274.981548380982,,,,
2002-02-01,8111.920561052166,9526.70164447394,10293.53156108756,,,,
2002-02-08,7927.580945618289,9526.70164447394,10159.61585208298,,,,
2002-02-15,7985.184968799217,9526.70164447394,10333.438465950603,,,,
2002-02-22,7895.177980364963,9526.70164447394,10316.962557111294,,,,
2002-03-01,8190.411239020173,9526.70164447394,10802.756326768524,,,,
2002-03-08,8424.445138544015,9521.938293651703,11211.435722097878,,,,
2002-03-15,8423.793483902999,9521.201744813354,11310.568485858505,,,,
2002-03-22,8307.5293076057,9389.791272757451,11254.461390999713,,,,
2002-03-28,8269.980517773312,9347.35082072703,11303.592908951687,,,,
2002-04-05,8137.829450745015,9193.310120546515,11222.965897683507,,,,
2002-04-12,8046.114677734303,9193.310120546515,11196.481092854036,,,,
2002-04-19,8151.547904480906,9188.713465486242,11443.195522999264,,,,
2002-04-26,7755.094703396014,8737.223021049547,10986.65196232908,,,,
2002-05-03,7768.813157131905,8737.223021049547,11106.086912181021,,,,
2002-05-10,7634.493653108499,8737.223021049547,11014.067351984038,,,,
2002-05-17,8008.565887901914,8737.223021049547,11653.730750203555,,,,
2002-05-24,7848.966677976989,8737.223021049547,11521.48864263471,,,,
2002-05-31,7742.814384040298,8737.223021049547,11465.66781944115,,,,
2002-06-07,7462.625359252705,8737.223021049547,11150.75999322624,,,,
2002-06-14,7322.530846858906,8737.223021049547,11041.428798255502,,,,
2002-06-21,7194.952597742573,8737.223021049547,10949.057310407368,,,,
2002-06-28,7171.762680862246,8737.223021049547,11013.767608981683,,,,
2002-07-05,7197.132270162528,8737.223021049547,11152.728011510648,,,,
2002-07-12,6656.494862040215,8737.223021049547,10414.952389318272,,,,
2002-07-19,6139.047370798227,8737.223021049547,9705.338456317251,,,,
2002-07-26,6203.549944834059,8737.223021049547,9907.311820344252,,,,
2002-08-02,6289.781830520353,8737.223021049547,10145.027513447008,,,,
2002-08-09,6615.912507499641,8737.223021049547,10771.05604354314,10000.0,10000.0,10000.0,10000.0
2002-08-16,6755.782311396535,8737.223021049547,11098.771493961363,10211.41422855629,10135.338691965391,10021.225387079046,10000.0
2002-08-23,6855.788827942945,8737.223021049547,11363.06771072715,10362.574807589106,10265.391077725992,10120.177925055976,10000.0
2002-08-30,6651.416450010221,8737.223021049547,11124.332486096744,10053.664468008505,10138.189378782617,10259.198795784163,10000.0
2002-09-06,6522.422537363402,8737.223021049547,11008.593299751928,9858.689228386467,10055.15054169849,10347.565713419373,10000.0
2002-09-13,6498.502317868141,8737.223021049547,11068.220575268708,9822.533642187065,10093.73352603418,10503.750991555871,10000.0
2002-09-20,6140.361915505107,8737.223021049547,10558.237416630713,9281.201812364567,9783.610425927514,10565.261296968616,10000.0
2002-09-27,6023.884266135752,8737.223021049547,10457.956278043857,9105.144995958182,9704.68902799623,10652.816018669677,10000.0
2002-10-04,5881.935908642509,8737.223021049547,10311.522307731751,8890.589018483673,9559.497609487953,10630.913801645509,10000.0
2002-10-11,6126.5311075207655,8737.223021049547,10840.318011862317,9260.296445238468,9749.741028544966,10496.711960126595,10000.0
2002-10-18,6452.650549075209,8737.223021049547,11517.355554683465,9753.228359293804,9928.307892375646,10139.210383112822,10000.0
2002-10-25,6566.218223409679,8737.223021049547,11820.06284138382,9924.88672721468,10033.618346679088,10140.401603816239,10000.0
2002-11-01,6571.307870864518,8737.223021049547,11929.224881192702,9932.579766457671,10084.767456964006,10257.845135893916,10000.0
2002-11-08,6526.175169261672,8737.223021049547,11947.293223523271,9864.361358865848,10158.628618851568,10551.345673296895,10000.0
2002-11-15,6653.573651580483,8737.223021049547,12280.518196040655,10056.925093912821,10216.505461385537,10392.669660962349,10000.0
2002-11-22,6800.62289195341,8737.223021049547,12651.927361502392,10279.191093056908,10301.7759848783,10264.992460114416,10000.0
2002-11-29,6841.385013291504,8737.223021049547,12827.76150294266,10340.803336707178,10315.360358868471,10206.541426053625,10000.0
2002-12-06,6699.436655798263,8737.223021049547,12661.604917379924,10126.24735923267,10235.833656652072,10327.477400648137,10000.0
2002-12-13,6503.614436172672,8737.223021049547,12391.510578657022,9830.26064628323,10073.428420013586,10370.632077949156,10000.0
2002-12-20,6582.655649958089,8737.223021049547,12642.109917898953,9949.732017308494,10186.467175038695,10472.508521289015,10000.0
2002-12-27,6391.732075564971,8737.223021049547,12375.437720271339,9661.149642350101,10086.134618835318,10670.25115805604,10000.0
2003-01-03,6682.134101536779,8737.223021049547,13037.703494832464,10100.094422291817,10265.283749112952,10416.873099799936,10000.0
2003-01-10,6807.218086337496,8737.223021049547,13381.758445092863,10289.159777462286,10335.9492856296,10303.65298657982,10000.0
2003-01-17,6631.664573132502,8737.223021049547,13136.652018634795,10023.809362072132,10244.160032381453,10473.483156409991,10000.0
2003-01-24,6318.589459823243,8737.223021049547,12616.482108971268,9550.594045281947,10002.056551924345,10596.341328048651,10000.0
2003-01-31,6295.186069870859,8737.223021049547,12669.751987873673,9515.219650705452,9983.927607468735,10596.601339040368,10000.0
2003-02-07,6102.071587632941,8737.223021049547,12381.087924879386,9223.32570256299,9830.518871638333,10312.86466788009,10000.0
2003-02-14,6155.46232649695,8737.223021049547,12589.417599934211,9304.026193694768,9855.003993521761,10241.730653591856,10000.0
2003-02-21,6230.807085508322,8737.223021049547,12843.515957595737,9417.910346373576,9949.370799829569,10298.86252625009,10000.0
2003-02-28,6210.3249060156695,8737.223021049547,12901.29619448157,9386.951382709176,10027.555333057813,10541.673272404963,10000.0
2003-03-07,6094.757326058769,8737.223021049547,12761.216713606234,9212.270142856174,9934.729203391324,10281.895756350323,10000.0
2003-03-14,6154.001721267085,8737.223021049547,12985.262762673254,9301.818478238722,9966.342729703083,10776.32224265122,10000.0
2003-03-21,6585.1723851233955,8732.854409539023,13995.055222818632,9953.536080863523,10212.039811847924,11383.87684624756,10000.0
2003-03-28,6367.78938522002,8440.207892119206,13633.064722004627,9624.960091297526,10090.465681471382,10927.143178659238,10000.0
2003-04-04,6478.683028441351,8435.987788173146,13970.481527718131,9792.576641691177,10180.843242381345,10914.578905755048,10000.0
2003-04-11,6400.102467074585,8329.448897706763,13901.03223128045,9673.801550155898,10116.585391538269,10688.322671164158,10000.0
2003-04-17,6577.094114659754,8325.28417325791,14385.458357331754,9941.32571614893,10318.29418287528,11237.227447488365,10000.0
2003-04-25,6626.294040056533,8387.561427177434,14593.068719239402,10015.691762164512,10408.231669070443,11291.656076353951,10000.0
2003-05-02,6845.137645189774,8664.573610745485,15175.027375038537,10346.475467186554,10608.363620864246,11848.903927175803,9995.0
2003-05-09,6883.326854238335,8712.91350251814,15359.689265387848,10404.198735148864,10752.447078252366,11903.382217199114,10050.762376773913
2003-05-16,6967.0420047593225,8818.880120228663,15646.494094801954,10530.734795633476,10980.009884141837,12012.999687932728,10172.999937627823
2003-05-23,6885.52899750798,8715.700974947515,15563.43322252123,10407.527290759519,11002.75356155685,12286.032709496614,10053.97785951816
2003-05-30,7119.798840953571,9012.239687319288,16192.955800355921,10761.627867482726,11169.968160458444,12125.804989018783,10396.049444723478
2003-06-06,7289.442520690031,9226.974616967815,16678.785887574275,11018.045526489184,11326.869453385498,12106.11539312319,10643.756454699744
2003-06-13,7311.475188811311,9254.86356305966,16829.198268642347,11051.34806502231,11493.722380843932,12037.775494501879,10675.927687666395
2003-06-20,7329.114805818151,9277.191786090869,16969.800281823667,11078.010474760715,11348.089135597418,12206.553613466289,10701.684360668765
2003-06-27,7197.918749901687,9111.123849571504,16766.029509274438,10879.70667952802,11144.861958970092,11985.580003986928,10510.117054523134
2003-07-03,7277.521734929361,9211.885289174115,17051.447828426557,11000.027171882533,11164.523231386853,12286.894665016223,10626.350193517892
2003-07-11,7388.07831540534,9351.827782567158,17410.48515359556,11167.134249478639,11275.65567523977,12793.181398286717,10787.780551698334
2003-07-18,7334.271865822061,9283.719591422921,17383.68676954433,11085.805408563216,11072.879049603933,12568.159780875081,10709.214496279012
2003-07-25,7387.336777365561,9350.88914389196,17609.461191000464,11166.013409324029,11012.865638535894,12777.084613803092,10786.69778710078
2003-08-01,7260.567478838076,9190.424595827562,17407.27664061285,10974.400690165816,10761.907147272286,12640.500063805935,10601.59425749205
2003-08-08,7243.613222746789,9168.963902481008,17466.62865725934,10948.774208449095,10806.830511011665,12082.01784002049,10576.838321466206
2003-08-15,7342.383842560236,9293.987729657656,17804.795672183787,11098.066720557566,10809.469343488754,12523.965058979209,10721.059284755256
2003-08-22,7353.439500607834,9307.98197899696,17931.6049124496,11114.777428317177,10891.475565573792,13034.252176559245,10737.2023205733
2003-08-29,7476.52357978612,9463.781777281589,18331.749501747607,11300.819911555524,11015.4893881176,13415.955512761202,10916.924838242683
2003-09-05,7578.96818352392,9593.456132439895,18682.934266095115,11455.665677157278,11148.248996441282,13636.929122240565,11066.510407946875
2003-09-12,7550.958269385036,9558.001189754035,18713.886953587145,11413.328487680947,11155.885297649746,13588.73401603515,11025.611436102989
2003-09-19,7670.368364638967,9709.150460057004,19109.82648125734,11593.817717426007,11311.798017440298,13894.096684996717,11199.969347357228
2003-09-26,7395.134162208073,9360.75907177964,18524.11262761646,11177.799213374003,11166.003790319412,13090.49567500647,10798.08322089928
2003-10-03,7649.650241224568,9682.92546434392,19261.6513672562,11562.502122803324,11303.024256614472,13737.414966206394,11169.717560722604
2003-10-10,7736.960727695994,9793.44305744934,19581.497255379956,11694.472559795126,11341.209232619434,14066.875188270667,11297.204889322218
2003-10-17,7714.01799016226,9764.402145710663,19623.431411716112,11659.794444708617,11266.836099097525,13906.145461548069,11263.704808894936
2003-10-24,7663.705757705813,9700.716933778342,19595.443812511847,11583.747138461122,11316.075834737136,13741.415350515934,11190.240871503473
2003-10-31,7790.969414926484,9861.807240959537,20020.846160055644,11776.107084389076,11424.575802817935,14135.167463269245,11376.066244177237
2003-11-07,7813.900917035374,9890.833930900106,20179.77439497612,11810.768217048999,11372.557858930486,14315.994358785005,11409.549919080313
2003-11-14,7802.811552713241,9876.797016166476,20251.13557902743,11794.006562009636,11494.70899675041,14078.923964822017,11393.357666689653
2003-11-21,7710.321535388216,9759.723174132787,20111.09032509529,11654.207226362163,11443.995116249975,13753.464127067286,11258.307391431383
2003-11-28,7876.055287278576,9969.508918039364,20643.379230154052,11904.715000917055,11519.097596080974,14215.508514819176,11500.305278984195
2003-12-05,7905.649396320621,10006.9691342586,20820.946285443806,11949.446712541865,11604.36365023693,14078.92396482202,11543.517429741032
2003-12-12,8001.094330379912,10127.783309194967,21172.31764605475,12093.712426381182,11672.731134882515,14159.265016371952,11682.882357865303
2003-12-19,8095.471899078918,10247.246413310975,21522.05746671536,12236.364809694931,11840.516028817554,14247.654460163696,11820.688761190067
2003-12-26,8154.941002784138,10322.522390702172,21780.157881786086,12326.252793609177,11887.817897427085,14409.81289556827,11907.523200808879
2004-01-02,8268.677208491283,10466.48965296007,22183.923723418935,12498.165897928828,11870.024364519468,14614.832591432203,12073.596322339425
2004-01-09,8354.92032960242,10575.656175245127,22515.304241990198,12628.523004395056,12085.447086734663,15165.5045410895,12199.52512613953
2004-01-16,8491.700391666907,10748.792345424687,22983.90676483038,12835.267065640479,12240.853419355013,15503.108402641052,12399.245977815208
2004-01-23,8506.564858737001,10767.60778432296,23124.139404877733,12857.734816012395,12240.853845372072,15278.039161606686,12420.950486338857
2004-01-30,8435.950213585424,10678.223783207588,23032.181437633895,12751.000264925859,12160.837945128109,14900.193338846071,12317.841766708363
2004-02-06,8508.047934816557,10769.485061673355,23329.025628814776,12859.97649632161,12262.407921262899,14924.290891948775,12423.116015533964
2004-02-13,8558.607346619596,10833.483153164074,23567.65928753032,12936.397415953976,12329.713044931656,14847.950224708384,12496.940874457947
2004-02-20,8540.012718500924,10809.946077293598,23616.45564629162,12908.291499955849,12287.797028304909,14800.956329139155,12469.789731898127
2004-02-27,8550.427957332351,10823.129684140686,23745.257831255007,12924.034209400117,12371.077640411146,14819.00729699867,12484.997652836468
2004-03-05,8651.524310088736,10951.097423525905,24126.010908642358,13076.842083811674,12533.680888873496,14994.220467225092,12632.614559636017
2004-03-12,8369.043258632737,10593.532975468202,23438.272160574008,12649.869914612362,12323.935349586849,14504.64394735037,12220.14687006563
2004-03-19,8285.39552066082,10487.651688546335,23304.009009146295,12523.435748687261,12258.223362090366,14345.16685926702,12098.007742356953
2004-03-26,8283.148435691797,10484.807328924526,23397.688720847218,12520.039263370269,12220.984951830156,14227.712049373846,12094.726637515887
2004-04-02,8552.47280465416,10825.71805139653,24258.458348343782,12927.12501103858,12310.727755778496,14690.322323622273,12487.983458241833
2004-04-08,8532.327687906862,10800.218367387006,24301.318210432913,12896.67552017173,12255.841653232224,14655.719669509912,12458.56835334168
2004-04-16,8492.037454412264,10749.218999367959,24286.565727788275,12835.77653843803,12136.23555791936,14586.51436128519,12399.73814354137
2004-04-23,8531.574914442239,10799.2655069137,24499.639784147847,12895.537697590538,12140.278913445603,14654.426653433213,12457.469183219924
2004-04-30,8277.935198563662,10478.208414601924,23871.276998109413,12512.159417434843,11900.614026782172,14218.757430573994,12087.114474284617
2004-05-07,8203.331977592068,10383.77567515784,23756.141929998095,12399.396104910642,11722.260342125086,14090.613747748515,11978.18179356123
2004-05-14,8209.297988184826,10391.327449953744,23873.418982150142,12408.413773427263,11726.794227653188,14100.861382625071,11986.893126914261
2004-05-21,8192.141494446329,10369.610764241228,23923.52626734392,12382.481608032014,11736.901898523241,14071.392195324695,11961.841891452725
2004-05-28,8419.68131840969,10657.630619545682,24688.011244702368,12726.40971123082,12010.613559949352,14462.230427942404,12294.086567659051
2004-06-04,8428.624716586406,10668.951170840484,24814.234887427396,12739.927722792458,11944.230624409196,14477.592230883529,12307.145364926493
2004-06-10,8530.83337640246,10798.326868238499,25215.14159255258,12894.416857435928,12029.96975193003,14653.15293610392,12456.386418622375
2004-06-18,8507.99175769233,10769.413952682804,25247.627127720556,12859.891584188685,12075.6017557924,14613.918582612325,12423.03398791294
2004-06-25,8523.710117050654,10789.310248237363,25394.27165764498,12883.649998981056,12121.155587899746,14640.917530243776,12445.985316276196
2004-07-02,8451.837104316424,10698.33340573378,25280.143914542197,12775.013416117006,12150.788244667223,14502.82252550953,12341.039177934706
2004-07-09,8365.728808303427,10589.33754502603,25122.586878293492,12644.860098769797,12078.240839302305,14493.478249099742,12215.307240425062
2004-07-16,8289.350390206302,10492.657761480717,24993.21971994537,12529.413562845171,12075.637100793158,14346.660502785371,12103.782486877235
2004-07-23,8158.322865662516,10321.556823052251,24698.158640834456,12331.364504011251,11930.598180686186,14256.031465596423,11906.409372351247
2004-07-30,8299.091503547019,10316.396044640725,25224.315610517384,12544.137326694336,12033.887316664164,14195.61210747046,11900.456167665072
2004-08-06,8000.341556915288,9939.86915325589,24416.29297463691,12092.574603799989,11897.333823659197,14559.42195776019,11466.11439293259
2004-08-13,8025.80102961433,9939.86915325589,24593.992900318488,12131.056782441532,11932.16479328477,14596.48475846246,11466.11439293259
2004-08-20,8272.137719343578,9939.86915325589,25448.858710713517,12503.396485316995,12146.406535811733,14579.666638521147,11466.11439293259
2004-08-27,8344.76350554243,9934.899218679262,25772.288667326447,12613.170890762241,12226.108910987403,14626.834297150735,11460.381335736123
2004-09-03,8394.92967747589,9994.624801317383,26027.223802821318,12688.997425464133,12280.718384267355,14658.267747935017,11529.277651387212
2004-09-10,8465.30837870572,10078.414510084505,26345.42243916909,12795.375345592385,12367.437930040393,14718.049765748527,11625.93308727488
2004-09-17,8507.149100828945,10128.228187518855,26575.63760088359,12858.617902194814,12450.68926436315,14790.795353138297,11683.395546286001
2004-09-24,8380.087681255485,9971.890475652526,26278.708124320277,12666.563639945387,12424.649302504542,14555.09160187997,11503.052519577095
2004-10-01,8544.742832360715,9966.9045304147,26895.042179719076,12915.441101548122,12481.130152320324,14291.52954845977,11497.300993317307
2004-10-08,8459.027776217297,9866.923314108797,26725.2493848226,12785.882169131386,12434.555922009366,14373.249260963938,11381.967879205587
2004-10-15,8365.04344738787,9752.363050197333,26528.317551439402,12643.824170748112,12392.375910056991,14490.900078019138,11249.817136510637
2004-10-22,8269.564807054045,9752.363050197333,26325.523225733134,12499.507509629038,12371.79438390705,14678.831866429302,11249.817136510637
2004-10-29,8510.901732727216,9747.486868672233,27193.80075789742,12864.290032674193,12567.501095508369,14616.759874016707,11244.192227942385
2004-11-05,8817.662537273518,10098.818256113862,28273.95450201677,13327.961225723626,12768.079786813827,14409.718659216109,11649.469784027104
2004-11-12,8931.185269908607,10228.835189736914,28737.96668369203,13499.55166393816,12870.202935374044,14405.166443959,11799.450534372487
2004-11-19,8854.290022268608,10140.767504293904,28590.540054635534,13383.323936390627,12826.563026833004,14398.222257885596,11697.86024781629
2004-11-26,8924.410308727001,10221.07586561036,28916.958757161552,13489.311260707425,12886.925938742195,14396.583447260266,11790.49978294154
2004-12-03,8992.28351021637,10298.81065341884,29236.882147087417,13591.902099707231,12919.374230840573,14308.574166132368,11880.170577957027
2004-12-10,8998.3169333582,10305.720698287761,29356.49879742332,13601.021662783362,13007.91026334944,14222.955282305411,11888.141645151749
2004-12-17,9049.426880978648,10364.256627726721,29623.242103640263,13678.274721318388,13046.381900398801,14206.939876239285,11955.665638948378
2004-12-23,9150.197406414527,10479.668531692,30053.113786251753,13830.590105358984,13124.1366849861,14181.31522653348,12088.798789170838
2004-12-31,9157.781318184982,10488.354342281425,30178.02255633169,13842.053243303837,13148.158672837924,14214.395701453106,12098.818287041297
2005-01-07,8973.666411248007,10277.48859690524,29671.30094752151,13563.762218855936,12988.950351017626,13728.305219637728,11855.574566147614
2005-01-14,8958.509823131939,10260.129843593928,29721.18590348937,13540.852925392812,13071.443613228585,13685.551323764877,11835.550414107242
2005-01-21,8847.897065531737,10133.445687663707,29454.211663706275,13373.660935663785,13023.306705402767,13180.425829558553,11689.414182204006
2005-01-28,8897.141932627896,10189.845551091046,29718.145390337417,13448.094911385706,13091.992390871726,13244.17395548645,11754.474121709529
2005-02-04,9109.289224553444,10432.816625979256,30526.757674299,13768.757090163106,13368.052751888106,13455.403311831611,12034.752875472543
2005-02-11,9150.197406414525,10479.668531691997,30763.84786034813,13830.590105358982,13412.154373556416,13437.583746343982,12088.798789170836
2005-02-18,9121.412247961329,10446.701055054797,30767.069376129923,13787.081128448288,13275.25317042663,13312.846787930577,12050.76922836473
2005-02-25,9200.206282400151,10536.943410112048,31132.846369659223,13906.178886088683,13352.2306768583,13395.742862789473,12154.868100313679
2005-03-04,9298.69601659247,10649.743136966725,31566.12865371667,14055.046837532527,13425.957301662984,13525.75076908058,12284.987979324726
2005-03-11,9121.412247961329,10446.701055054795,31064.30639403201,13787.081128448288,13148.95390514051,13386.06720356935,12050.76922836473
2005-03-18,9016.630675855742,10326.695322377776,30807.457391722775,13628.703018116861,13072.59896941203,13232.29571207531,11912.336877046338
2005-03-24,8910.141319173697,10204.733673834697,30543.611246017943,13467.743578944517,12956.376680668687,13076.017972810834,11771.648283244525
2005-04-01,8932.196458144666,10229.993297815497,30719.2153881494,13501.080082330813,13055.474924310427,13108.38484368825,11800.786467421878
2005-04-08,8975.553962621985,10279.650398651936,30968.328601788682,13566.615266522213,13073.03069062099,13172.013857807435,11858.068307839816
2005-04-15,8682.713849458785,9939.122473892903,30057.943182683728,13123.985300011556,12942.912033995184,12729.086305208399,11465.253062581176
2005-04-22,8790.719988494922,9934.152912655958,30531.840381971433,13287.237366772873,13061.108609668661,12769.457187846901,11459.520436049886
2005-04-29,8804.415971381122,9949.63036938973,30679.409132187906,13307.93894477995,13128.726391534488,12776.582604723948,11477.374422524443
2005-05-06,8906.343745576049,10064.816167165598,31134.58134311297,13462.003518758798,13160.064710653513,12630.957302772427,11610.24674844502
2005-05-13,8802.135180137562,9947.052909408632,30870.291557093286,13304.4915121832,13168.259478376722,12872.303075404976,11474.401199182084
2005-05-20,9060.752189222527,10239.308938201064,31877.296767612163,13695.393007316037,13436.721560652308,12961.06913816091,11811.532504080655
2005-05-27,9146.703189287691,10336.439819262065,32279.68728435197,13825.308570691057,13536.211753924055,13016.565313403178,11923.577620184316
2005-06-03,9139.096806667547,10327.844053709347,32352.84355199702,13813.811467893036,13630.845173482006,13260.303402361962,11913.661993569654
2005-06-10,9142.894380265197,10332.135588062109,32466.287145721988,13819.551528078755,13613.632346370772,13210.176030037866,11918.612483666784
2005-06-17,9268.225544412506,10473.7689185504,33011.33631661661,14008.990496634093,13693.471859268691,13132.231026013384,12081.99330329245
2005-06-24,9086.45884126816,10268.359324588982,32463.92417284568,13734.24879934245,13651.950747592851,13419.002991212663,11845.043513968916
2005-07-01,9128.468094764065,10315.832836260499,32714.014020152852,13797.746092343654,13641.189195153336,13299.498445427804,11899.806479865858
2005-07-08,9265.169508854633,10470.315376112678,33303.915713482835,14004.37127660298,13731.082399611509,13219.856565869597,12078.009476942096
2005-07-15,9381.253918354409,10601.499201357416,33821.18443003845,14179.833708078888,13796.004367351054,13127.668934414516,12229.336292573862
2005-07-22,9434.712069767487,10661.910800323198,34113.91111817268,14260.636093770174,13818.511803433708,13055.87388022399,12299.023960864217
2005-07-29,9449.981012132006,10679.165815664624,34269.12036450047,14283.715211499148,13805.92888550287,13063.947361889694,12318.928446195574
2005-08-05,9384.309953912281,10604.95274379514,34130.97285968468,14184.452928109999,13682.664477989043,13032.596582065946,12233.320118924214
2005-08-12,9398.050878497863,10620.480987917705,34280.948950244434,14205.222435823416,13793.204478662165,12943.459735233726,12251.232691080397
2005-08-19,9352.996824868933,10569.566630655663,34216.60681883624,14137.122905217684,13781.318401363025,12801.78455488887,12192.500545253508
2005-08-26,9222.396246469261,10421.978478831736,33838.82320305097,13939.719178593996,13706.426519021928,12895.999155122958,12022.250554457567
2005-09-02,9337.716647079571,10552.298918467042,34361.956903194376,14114.026805062127,13868.714535968305,13035.845144087842,12172.581413501748
2005-09-09,9515.663305776576,10753.391584381307,35116.784592694494,14382.994477314878,13959.66466156842,12876.934171344632,12404.551419887339
2005-09-16,9471.49685071041,10703.48027804787,35053.79186807382,14316.23655840936,13807.92497844232,12603.78229527912,12346.976341272504
2005-09-23,9313.504306538338,10524.937212756395,34569.065098123,14077.429675771516,13700.3146288518,12383.239003212513,12141.018377527449
2005-09-30,9436.217616696735,10663.61217784767,35124.54181962875,14262.911738932558,13784.360933528738,12316.032611900468,12300.986581198586
2005-10-07,9173.162614797948,10366.34089441222,34245.369147868034,13865.302185298659,13554.071493686313,11954.123921038252,11958.069940239759
2005-10-14,9101.07612899166,10279.69475234575,34076.25494803618,13756.34293632949,13395.12542959572,11732.620988374785,11858.11947194662
2005-10-21,9059.662353012549,10279.69475234575,34021.193462051066,13693.74571193729,13429.808456364743,11883.666628378784,11858.11947194662
2005-10-28,9187.73496082207,10274.554904969576,34602.136658132564,13887.328392579364,13436.786233609831,11813.402755641817,11852.190412210648
2005-11-04,9364.895139779916,10472.671415016768,35369.34361924087,14155.107294971167,13526.340194948883,12355.30925972891,12080.727280483765
2005-11-11,9491.4397298105,10614.185002831427,35947.27733031207,14346.380365597684,13720.129300585106,12549.546940844368,12243.969971209293
2005-11-18,9596.502187537213,10731.675330422197,36445.184224568016,14505.183036593737,13851.116666953183,12777.651519467301,12379.500682474001
2005-11-25,9749.888207522787,10903.205429050067,37127.70706951743,14737.027124331746,14006.687514892365,12913.299829334497,12577.368853812448
2005-12-02,9728.417310643763,10879.194733292825,37145.94560180859,14704.573707127869,13949.822350438435,12980.166169130476,12549.671368064737
2005-12-09,9688.531552443588,10834.59087670559,37093.65009915066,14644.286092751225,13918.001049414044,12859.33688592077,12498.218686534448
2005-12-16,9742.349237451712,10894.77467193175,37399.69725562962,14725.63191609323,14036.51019384915,12848.891279325613,12567.64357231757
2005-12-23,9773.190478651566,10929.264132870328,37618.09304043974,14772.248677068974,14131.268137861265,12794.205456562739,12607.428814796622
2005-12-30,9599.715519042917,10735.268767882464,37050.368699550294,14510.040010597038,14010.478589377324,12487.957620297155,12383.64588442264
2006-01-06,9902.712456266103,11074.107304345722,38319.79379518821,14968.022090740506,14264.831101681035,13188.82529326139,12774.512339495535
2006-01-13,9921.217200986015,11094.80098090887,38491.400236860754,14995.99214732595,14300.099561078534,13281.498425821872,12798.383484982967
2006-01-20,9712.28324056617,10861.152159191623,37780.798016319364,14680.186942551849,14141.167697920953,12746.929147128607,12528.858396042906
2006-01-27,9910.419957709855,11082.726528463707,38651.5501767131,14979.672035377793,14199.755065854664,13012.659595874577,12784.455026687023
2006-02-03,9735.405744897424,10887.009831545573,38068.978635141335,14715.136776463716,14090.941352058646,12644.930870964148,12558.686457617363
2006-02-10,9763.932488579183,10918.91101235543,38280.52858223216,14758.255157562953,14081.58861026559,12657.29210783454,12595.485995196346
2006-02-17,9931.23919994786,11106.008485155578,39036.47221498867,15011.14047183974,14266.908421502601,12734.567910258222,12811.311877074519
2006-02-24,9977.506679460063,11157.748958796772,39318.33463337097,15081.074104516647,14313.059226989355,12737.266816452226,12870.996987649653
2006-03-03,9927.385449225983,11101.698873096586,39220.82203168696,15005.315499521097,14181.621564832809,12660.544878598215,12806.340533478775
2006-03-10,9914.284943856574,11087.048704989342,39269.064940935656,14985.513990123021,14103.707276469064,12376.010992524316,12789.44086399587
2006-03-17,10110.848701521942,11306.864048931224,40147.625876848506,15282.62154322707,14307.916004154482,12621.381711580147,13043.00837480499
2006-03-24,10079.108626334479,11271.3694306611,40121.59405681569,15234.646188124527,14296.419739408393,12581.760546599711,13002.063635277367
2006-03-31,10049.694284089956,11238.475656986344,40104.505299988574,15190.186195325077,14107.707976215635,12532.460835639386,12964.11909436292
2006-04-07,10027.245905249407,11213.37185263105,40114.92236316111,15156.255307008309,14015.943784559497,12649.039104362146,12935.16065557489
2006-04-13,9963.001745985011,11141.528232358989,39957.9076768225,15059.149791795448,13918.590879139556,12583.256401333989,12852.285604028357
2006-04-21,10151.869237631474,11352.736916649534,40815.38519080604,15344.624382688795,14100.634714064694,12540.80367542173,13095.924921359101
2006-04-28,10176.643349414964,11380.441565600197,41014.98900676684,15382.070633308655,14056.76242275336,12571.407622816761,13127.88355876031
2006-05-05,10257.920412744561,11471.332917305004,41442.5604607824,15504.92150722433,14130.918476907473,12671.810777218412,13232.73107937724
2006-05-12,10004.022282094547,11187.4011000773,40516.79810282241,15121.152631257182,13856.836560745667,12358.16542427834,12905.20215058247
2006-05-19,9838.367178178103,11002.150603873864,39945.886522377645,14870.763733688385,13838.532225573532,12153.5284172977,12691.506844531046
2006-05-26,9937.452389887214,11112.956635209874,40448.19379057526,15020.531753741237,13907.728478428868,12275.930327536595,12819.326900422768
2006-06-02,9985.450124825564,11166.632036714287,40743.55791491268,15093.080680112229,14008.58493836746,12335.222873237983,12881.244042816397
2006-06-09,9702.91289624534,10845.090077991928,39690.72336144998,14666.023598779992,13832.218470361395,11986.19907952243,12510.330017290162
2006-06-16,9691.722413099602,10845.090077991928,39744.947585085916,14649.109101901364,13731.643737677265,11960.389056585564,12510.330017290162
2006-06-23,9675.397340799642,10845.090077991928,39777.99982129032,14624.433636073401,13659.77871903746,11834.121051367998,12510.330017290162
2006-06-30,9896.20714528078,10839.667532952932,40785.804643543124,14958.189265747817,13905.771702108648,11949.962122904812,12504.074852281517
2006-07-07,9844.119715698804,10782.61431943123,40671.13374022358,14879.458736099898,13881.525218005361,11875.115052683184,12438.261242198936
2006-07-14,9603.861390810765,10514.05952695053,39778.502733497764,14516.306526006902,13727.653834890616,11980.778356130613,12128.470446779325
2006-07-21,9637.298015149841,10514.05952695053,40016.9948252249,14566.846227523773,13775.05352107863,12021.630193237472,12128.470446779325
2006-07-28,9950.63154323054,10508.802497187055,41418.05100840653,15040.452140125413,14067.673222255398,12061.757566113803,12122.406211555935
2006-08-04,9967.743095269658,10526.873905018629,41589.27534548605,15066.316375814322,14145.581644329313,12082.499505093163,12143.252444664575
2006-08-11,9875.219371670097,10429.16015354588,41303.23062302547,14926.466092887094,14006.49418216155,11970.345947972333,12030.534959668094
2006-08-18,10161.340700775914,10731.331179047394,42599.93672113268,15358.940568299935,14339.854919894355,12317.170779258186,12379.10368740584
2006-08-25,10092.916963469133,10659.069279051155,42413.08019645483,15255.517590397465,14326.20779942924,12234.230261605988,12295.746130195326
2006-09-01,10218.102067093458,10791.276518748708,43039.14078514662,15444.7357874072,14476.743373128946,12385.974637251436,12448.253503338106
2006-09-08,10129.465800490307,10697.668287374267,42765.80053742213,15310.761424078371,14373.024775282243,12278.533300016921,12340.271932101039
2006-09-15,10305.131667943755,10883.187960024712,43607.447885536356,15576.281663734377,14531.142524870434,12491.468438521371,12554.277746056106
2006-09-22,10266.863810921277,10842.773504952922,43545.51268329242,15518.43951878597,14641.647520571976,12432.590204381146,12507.657739511113
2006-09-29,10431.642551699802,11016.795348195099,44344.399400663264,15767.50378708114,14769.570864219859,12404.840930233078,12708.400257417414
2006-10-06,10543.311439235447,11134.728192868764,44919.09834907589,15936.292124909154,14812.206925655453,12295.177681879777,12844.441433298412
2006-10-13,10669.822322991497,11268.335581039151,45558.08980943614,16127.514248255919,14844.349774246177,12128.286877912098,12998.563944659722
2006-10-20,10686.22604326537,11285.65945197421,45728.13054102693,16152.308591069976,14884.610469473439,12134.8045458893,13018.547858211012
2006-10-27,10769.783897838524,11373.904402757795,46185.688435290016,16278.606897582395,15044.207763094306,12317.760260773439,13120.34262881439
2006-11-03,10662.800182463297,11260.919540399145,45826.89403487853,16116.900231640315,14947.06511243049,12302.457563710583,12990.00918714633
2006-11-10,10795.55796243323,11401.124238322882,46497.46429886921,16317.564584168318,15156.087364873712,12502.797975257967,13151.742010791551
2006-11-17,10965.797119686484,11580.91279476673,47330.700057891394,16574.882311783786,15305.558359582445,12502.813199880045,13359.13670814027
2006-11-24,10960.325467786912,11575.134215900034,47407.08325082728,16566.611870036904,15346.578078648854,12601.586900163693,13352.470841085833
2006-12-01,10950.179879151767,11564.41952038335,47463.20017760391,16551.276738830675,15415.421343004085,12309.598729405849,13340.11092743048
2006-12-08,11043.894557784908,11663.39103234864,47969.40341815644,16692.92715897591,15414.991872210037,12138.40832911219,13454.27929930123
2006-12-15,11177.629819716369,11804.628043129469,48650.2855243063,16895.06898261681,15492.14161446322,12300.022665322347,13617.20294519232
2006-12-22,11052.781778837398,11672.776773382633,48206.888316322336,16706.36025840462,15364.844375422215,11872.438031177116,13465.106200410184
2006-12-29,11121.093161895726,11744.920016728633,48604.829529649425,16809.61341204124,15376.555746122442,11945.815274880313,13548.326881500483
2007-01-05,11036.288175164762,11655.357977127383,48334.188634611724,16681.430056177887,15361.152202492804,11842.77547350811,13445.012785962725
2007-01-12,11248.311877417014,11879.274941795533,49362.76112719402,17001.905428262853,15456.951164953136,12237.079116957007,13703.311712419141
2007-01-19,11215.324670071743,11844.43734928503,49317.99810371251,16952.04502380938,15426.245031782197,11929.21242457561,13663.124883524222
2007-01-26,11161.147451468574,11787.221112539239,49179.76050980089,16870.155762816656,15305.800865918562,11767.13920521517,13597.123218356883
2007-02-02,11371.598194242511,12009.476884104026,50207.07709384711,17188.253595179725,15524.449631492324,11926.504381664208,13853.505879130302
2007-02-09,11303.275575759337,11937.321775093003,50005.423894811734,17084.983459116524,15499.096287506381,11840.06743059671,13770.27151042798
2007-02-16,11443.84197599663,12085.77311020843,50727.286325938156,17297.450598121082,15686.203968856125,12075.037386467631,13941.5172244281
2007-02-23,11410.079524337045,12050.116786811273,50677.62701082408,17246.41840623325,15672.590006201479,12223.57039127105,13900.385950303702
2007-03-02,10889.441172439043,11500.273735263536,48465.22277659065,16459.469740712328,15360.949529047919,11472.781238519732,13266.115696842631
2007-03-09,11055.129982630026,11675.256697372657,49302.64767933206,16709.90958556088,15449.386626089343,11594.296791951238,13467.96691132267
2007-03-16,10921.73178344392,11534.37565654255,48807.73071084199,16508.27723471753,15368.649311770347,11574.521780923773,13305.453893792224
2007-03-23,11304.893476937035,11939.030430856465,50620.02809421769,17087.42892854476,15619.625184601222,11923.135072460485,13772.24252655907
2007-03-30,11195.314378422583,11823.304599877267,50229.364731784706,16921.79932206155,15492.895228736264,11751.752294325795,13638.747246514058
2007-04-05,11371.912786138175,12009.809122724704,51121.6985182566,17188.729103124107,15625.119879865691,11937.128128616425,13853.889132266904
2007-04-13,11457.066071039335,12099.738997941698,51604.49960374001,17317.438914211594,15650.445740799007,12026.513765980511,13957.627543777324
2007-04-20,11717.233568752925,12374.500337237743,52876.33656875536,17710.683984213156,15937.697103500814,12299.61230388825,14274.577887745572
2007-04-27,11788.971756389014,12450.262608416066,53300.06934509892,17819.116777958185,15973.102792825433,12362.61646445277,14361.973290502403
2007-05-04,11898.562090328309,12566.000305060285,53895.54702705633,17984.76336686798,16141.800516670577,12366.183779229923,14495.482258159436
2007-05-11,11893.831976468515,12561.004860085177,53974.121574800956,17977.61376527571,16108.079039477374,12361.267768636135,14489.719773498415
2007-05-18,12032.589473305741,12707.545823131737,54703.802069575475,18187.346733600087,16128.771768154682,12505.478530710472,14658.761781963083
2007-05-25,11959.26709076649,12630.110493185028,54470.45627475755,18076.51941770657,16028.25022032644,12429.274528014346,14569.436425911226
2007-06-01,12147.696400843992,12829.10956130275,55428.68867458277,18361.3316939631,16146.930443323097,12625.109239815863,14798.991367122639
2007-06-08,11908.022318047899,12575.991195010505,54435.080497336276,17999.062570052523,15820.705441103819,12376.015800417501,14507.007227481481
2007-06-15,12119.765134679024,12799.611518053054,55503.019333878314,18319.113381472864,15981.185186451552,12596.080255644461,14764.963963637361
2007-06-22,11920.235224854545,12588.889172891608,54689.26297642326,18017.522467750387,15828.668289387715,12376.112602621357,14521.885661748776
2007-06-29,11910.730055435572,12578.850820281294,54745.65387809727,18003.1553348595,15927.675538760372,12457.25595042528,14510.305941978646
2007-07-06,12112.630639902372,12792.076820762808,55773.65572714941,18308.32954059141,15987.102382403931,12787.009352578516,14756.272330003752
2007-07-13,12260.69106851136,12948.442554449251,56555.41278039001,18532.12395812814,16164.110889684005,13059.173221367342,14936.647681222164
2007-07-20,12153.80847195974,12835.564483075816,56162.390867249946,18370.570134025325,16210.005189329519,13098.419421882349,14806.437428062298
2007-07-27,11489.502742567192,12133.995172866022,53192.65366383967,17366.467179762392,15776.46329087894,12559.302165894806,13997.143679683193
2007-08-03,11385.777300397049,12018.384355777902,52812.43866715025,17209.685417529952,15764.313983516158,12410.14832154625,13863.781073661505
2007-08-10,11457.8300799288,12018.384355777902,53246.652388306175,17318.593719219363,15691.499989661077,12373.492126500016,13863.781073661505
2007-08-17,11457.8300799288,12018.384355777902,53346.65238830618,17318.593719219363,15740.354256092813,12119.64111990802,13863.781073661505
2007-08-24,11744.45700315265,12012.375163600012,54781.16221535777,17751.832403828532,16056.43944072189,12614.271223137872,13856.849183124676
2007-08-31,11685.864262585348,11952.445787438224,54607.86065490266,17663.26904918791,16083.675331953435,12789.59935804729,13787.717781898627
2007-09-07,11565.510391644428,11829.346367026896,54145.44890118561,17481.353295609715,16113.775781193199,12622.132651501903,13645.716713838527
2007-09-14,11789.589704755492,12058.537446254259,55294.50550024703,17820.050811420355,16281.83107137341,12881.224610336585,13910.09958364721
2007-09-21,12089.575548120187,12365.366658817966,56801.47294197526,18273.48160123905,16375.589534558894,13186.35772521022,14264.041752915758
2007-09-28,12138.101348026257,12414.999444176117,57129.46580238474,18346.828701659535,16476.888976409944,13461.29442338326,14321.295544266728
2007-10-05,12398.235139465314,12681.067487565168,58453.817462990926,18740.022824381344,16681.51078654846,13829.958848873184,14628.217755692747
2007-10-12,12436.424348513878,12720.127880580301,58733.867690274885,18797.746092343656,16663.210598574773,14016.408771972023,14673.275786904125
2007-10-19,11906.59541909257,12178.212330884911,56331.62899472653,17996.90580187623,16452.531640491423,13730.99016931361,14048.150285922968
2007-10-26,12220.827781160877,12499.613058112694,57918.302574798305,18471.87030860467,16715.965181701085,14121.136404868037,14418.901394166516
2007-11-02,12028.320011864596,12302.71374245477,57105.948401270936,18180.893411497796,16627.05508759353,14249.448322856142,14191.768617827667
2007-11-09,11546.230402610203,11803.475200089777,54917.16789628645,17452.21145158991,16248.39930379256,13092.111996799578,13615.873085617073
2007-11-16,11597.935827747444,11803.475200089777,55263.093658582766,17530.364578733937,16368.90593889237,13152.332274895249,13615.873085617073
2007-11-23,11465.88587954275,11803.475200089777,54733.88784440779,17330.770119080786,16350.616805538006,13340.215837024858,13615.873085617073
2007-11-30,11826.25089602512,11797.573462489732,56554.13681621953,17875.464469367114,16704.29620605113,13432.708840621943,13609.065149074266
2007-12-07,12005.24244923272,11976.130979719606,57510.08963491481,18146.011507292267,16695.574125723626,13110.216059737137,13815.03978382136
2007-12-14,11707.717163909107,11673.339096907273,56184.8201411939,17696.29986889568,16364.335733281217,12947.317554638563,13465.754867486177
2007-12-21,11845.778064405937,11667.50242735882,56947.36833520543,17904.97992677179,16556.693167048543,13098.778342886715,13459.021990052435
2007-12-28,11779.39917442097,11596.288769834713,56728.258600319,17804.64775050779,16586.08634914734,13267.014449182152,13376.873630660495
2008-01-04,11300.38807157414,11596.288769834713,54521.39512516601,17080.61897548418,16309.813552250509,13523.803901048419,13376.873630660495
2008-01-11,11207.628404052832,11596.288769834713,54173.85416882222,16940.41206159867,16224.642497076708,13513.764127368606,13376.873630660495
2008-01-18,10560.681406045998,11596.288769834713,51146.73297409151,15962.546956409518,15751.587994989944,13698.826386008444,13376.873630660495
2008-01-25,10639.048494340706,11596.288769834713,51626.27482227867,16080.999381839682,15852.068347710532,13764.809303661104,13376.873630660495
2008-02-01,11162.046285456181,11596.288769834713,54264.135958068655,16871.514356943448,16293.772568115372,13708.688239648365,13376.873630660495
2008-02-08,10641.441639832716,11596.288769834713,51833.22356547959,16084.616638702282,15733.093368231368,13488.448647406338,13376.873630660495
2008-02-15,10806.984389500709,11596.288769834713,52739.56302996216,16334.83571200523,15757.70374451634,13226.448680085989,13376.873630660495
2008-02-22,10845.364600771638,11596.288769834713,53026.86371426712,16392.847681219486,15800.886413375089,13246.604478891288,13376.873630660495
2008-02-29,10701.427573080811,11596.288769834713,52423.104142158765,16175.285814239438,15826.860379417045,13564.750927372936,13376.873630660495
2008-03-07,10372.74645466168,11596.288769834713,50912.993305751275,15678.481906922727,15423.84727761946,13326.16015387312,13376.873630660495
2008-03-14,10364.7580675968,11596.288769834713,50973.78356521286,15666.407401620814,15602.018919484288,13726.403992192241,13376.873630660495
2008-03-20,10613.611492491356,11596.288769834713,52297.642389249864,16042.551168051314,15970.049994901221,14041.525799995667,13376.873630660495
2008-03-28,10567.804665397807,11596.288769834713,52171.93325489728,15973.313814864394,15821.481149092413,13805.857998579846,13376.873630660495
2008-04-04,11000.132578013166,11596.288769834713,54406.2822247501,16626.780607427452,16213.923918665483,13814.779417723175,13376.873630660495
2008-04-11,10718.078472701281,11596.288769834713,53111.252196937516,16200.453770438367,15996.494309301406,13882.973627300247,13376.873630660495
2008-04-18,11127.90182935187,11596.288769834713,55242.04826795929,16819.904762551734,16169.526290494518,13462.141898650361,13376.873630660495
2008-04-25,11217.897582361278,11596.288769834713,55788.81260933258,16955.93399949734,16181.752592556184,13324.279284879936,13376.873630660495
2008-05-02,11371.38472117046,11596.288769834713,56652.13436032021,17187.930929074617,16323.213529174289,13342.020454572368,13376.873630660495
2008-05-09,11161.65304558661,11596.288769834713,55707.25307663005,16870.919972012984,16206.000496048073,13471.622495061934,13376.873630660495
2008-05-16,11463.796090521568,11590.490625449796,57315.233928641086,17327.611387735993,16422.97246100337,13375.520256369828,13370.185193845165
2008-05-23,11060.39939688239,11176.840463751378,55398.38229595317,16717.87434362923,16071.22431828337,13365.327979798674,12893.01995157077
2008-05-30,11278.164401230499,11176.840463751378,56589.10502021184,17047.02773569912,16156.698527535596,13148.316365423321,12893.01995157077
2008-06-06,10951.92137000276,11176.840463751378,55052.15413889248,16553.90901495135,15934.13542984936,13266.023180388447,12893.01995157077
2008-06-13,10940.66347430795,11176.840463751378,55095.56393995554,16536.892623513213,15791.591568094767,12989.789609876461,12893.01995157077
2008-06-20,10627.206356553957,11176.840463751378,53617.040232119645,16063.09990421914,15586.932542211303,13127.169297824315,12893.01995157077
2008-06-27,10300.109433037987,11176.840463751378,52066.75055865881,15568.69051905091,15473.326650867491,13494.04042008876,12893.01995157077
2008-07-03,10201.574757146287,11176.840463751378,51668.66066705285,15419.754637900724,15390.061758827005,13506.138982801653,12893.01995157077
2008-07-11,10002.078553596342,11176.840463751378,50758.257676243345,15118.214671458,15215.510372221783,13519.355900051029,12893.01995157077
2008-07-18,10174.924329413661,11176.840463751378,51735.41039806748,15379.472322041174,15260.348680092746,13268.514060946984,12893.01995157077
2008-07-25,10134.532977095456,11176.840463751378,51630.03656716099,15318.420498468207,15203.070700353823,13209.748850969909,12893.01995157077
2008-08-01,10189.462969163245,11176.840463751378,52009.87555979177,15401.447582042125,15369.392885253681,13082.729992367587,12893.01995157077
2008-08-08,10448.720397464382,11176.840463751378,53433.19815536926,15793.317075490306,15634.92407293427,13135.40152682891,12893.01995157077
2008-08-15,10513.335325748663,11176.840463751378,53863.6292642012,15890.983010780465,15763.631429172086,13368.592257302276,12893.01995157077
2008-08-22,10471.32607225276,11176.840463751378,53748.40062496744,15827.485717779262,15728.552774572308,13182.606780406839,12893.01995157077
2008-08-29,10401.86867586023,11176.840463751378,53491.88188589721,15722.500356630977,15717.321933874533,12802.322546463669,12893.01995157077
2008-09-05,10048.919039775641,11176.840463751378,51776.829145525444,15189.014407890732,15530.254180403315,12048.349409719543,12893.01995157077
2008-09-12,10183.800315041304,11176.840463751378,52571.80188007707,15392.888439043298,15620.195433228391,11968.163962302944,12893.01995157077
2008-09-19,10080.501819015273,11176.840463751378,52138.54436327663,15236.752009021082,15461.292603260848,11817.878418915188,12893.01995157077
2008-09-26,9814.918846526334,11176.840463751378,50864.8915588969,14835.321409405564,15251.765482060175,11884.531325886532,12893.01995157077
2008-10-03,8961.341150192902,11176.840463751378,46541.305624056586,13545.13249689223,14662.178341214176,12286.330884853998,12893.01995157077
2008-10-10,7187.593394469018,11176.840463751378,37429.231782034316,10864.09982949645,12833.585729561919,12103.4193858463,12893.01995157077
2008-10-17,7570.11466874596,11176.840463751378,39521.202759063766,11442.283525008334,13132.105323800895,11841.047929907174,12893.01995157077
2008-10-24,7069.014720653624,11176.840463751378,37005.116541390365,10684.867299318677,12770.579583089788,12201.808681823473,12893.01995157077
2008-10-31,7864.12326609305,11176.840463751378,41267.377556504056,11886.679663883824,13426.473871872451,11709.862201937609,12893.01995157077
2008-11-07,7622.909930093177,11176.840463751378,40101.59859150621,11522.083947531106,13283.87682760798,11937.706543457307,12893.01995157077
2008-11-14,7034.903970823839,11176.840463751378,37108.29443806933,10633.308652206706,12720.36721986513,12052.948359567772,12893.01995157077
2008-11-21,6458.279496922609,11176.840463751378,34166.667879062035,9761.736555012882,12509.128381804398,13034.461631002325,12893.01995157077
2008-11-28,7316.722132213975,11176.840463751378,38808.1443554522,11059.278858237505,13642.887350558827,13389.056826772301,12893.01995157077
2008-12-05,7141.303444107122,11176.840463751378,37977.717635989655,10794.13223196637,13710.84941801639,14037.305563350135,12893.01995157077
2008-12-12,7227.38926927043,11176.840463751378,38535.52525978011,10924.251584460411,13903.836048541056,14277.437750101813,12893.01995157077
2008-12-19,7220.839016585725,11176.840463751378,38600.6001411259,10914.350829761375,14385.764661146699,15534.042993314237,12893.01995157077
2008-12-26,7136.505917698256,11176.840463751378,38249.77881394495,10786.880735814588,14239.775226735761,15412.073149268655,12893.01995157077
2009-01-02,7611.39361962693,11176.840463751378,40895.050935864936,11504.676960281513,14594.201942516289,14832.727206817312,12893.01995157077
2009-01-09,7294.532168144865,11176.840463751378,39292.59461241884,11025.738565732192,14048.04284153565,14371.240737647335,12893.01995157077
2009-01-16,6964.558975868545,11176.840463751378,37615.167002503105,10526.981679358212,13745.019950897906,14571.394160334405,12893.01995157077
2009-01-23,6804.892353394549,11176.840463751378,36852.81711216623,10285.644415159206,13238.000441693834,13728.724886609065,12893.01995157077
2009-01-30,6781.972086710505,11176.840463751378,36828.68930052674,10251.000264925868,13017.514120654809,13226.43757922164,12893.01995157077
2009-02-06,7121.765040301458,11176.840463751378,38773.89434624366,10764.59979213511,13349.4605989705,13075.608605705182,12893.01995157077
2009-02-13,6776.242020039494,11176.840463751378,36992.72120924484,10242.339227367533,12967.123005445334,13090.946778714815,12893.01995157077
2009-02-20,6339.004226766818,11176.840463751378,34705.76163182006,9581.451114386844,12541.575420785603,13283.961136390351,12893.01995157077
2009-02-27,6053.253666680889,11176.840463751378,33241.290230677056,9149.537059051305,12103.885963832963,13023.190561696236,12893.01995157077
2009-03-06,5643.048305585569,11176.840463751378,31088.657809636305,8529.508664434054,11738.384412011103,13363.83213039821,12893.01995157077
2009-03-13,6230.110489167917,11176.840463751378,34422.8983034319,9416.857435925316,12402.188586738881,13167.724177884342,12893.01995157077
2009-03-20,6326.847497084397,11176.840463751378,35057.39415089351,9563.076128821906,12575.200294265178,13320.262200297499,12893.01995157077
2009-03-27,6730.985728763351,11176.840463751378,37396.74531052606,10173.934013083272,13088.136101637354,13402.296547339152,12893.01995157077
2009-04-03,6949.548448275464,11176.840463751378,38711.0599273351,10504.293157440692,13275.650255088272,13229.55280759031,12893.01995157077
2009-04-09,7077.385112163235,11176.840463751378,39523.1483160272,10697.51920712448,13392.762053807137,13156.280040335543,12893.01995157077
2009-04-17,7182.132977994285,11176.840463751378,40208.10524170204,10855.846370176154,13477.672507082101,13072.731346170232,12893.01995157077
2009-04-24,7147.494163196781,11176.840463751378,40114.184979421574,10803.48954901469,13378.772823053605,12914.411092134806,12893.01995157077
2009-05-01,7248.938814123367,11176.840463751378,40783.52710122358,10956.823878650386,13324.376564992213,13162.193724058206,12893.01995157077
2009-05-08,7668.7504634612615,11176.840463751378,43245.445199473106,11591.372247997784,13668.276978085367,12854.914078987686,12893.01995157077
2009-05-15,7316.576071690985,11176.840463751378,41359.471287227,11059.058086691903,13470.182600772714,12531.937636163013,12893.01995157077
2009-05-22,7342.136663213634,11176.840463751378,41603.96135208888,11097.69310717271,13250.551889423023,12595.777271896812,12893.01995157077
2009-05-29,7631.639855197833,11171.252043519504,43344.421093319725,11535.27929298763,13600.310383020278,13286.765329148842,12886.573441594986
2009-06-05,7798.238734801266,11415.12074140497,44390.63083699471,11787.094714389563,13545.70179638697,13812.552043318305,13167.887646409677
2009-06-12,7841.955772873628,11479.114071825281,44739.485349449744,11853.17333623168,13599.110721017994,13763.738607559942,13241.707013211268
2009-06-19,7633.965588140772,11174.656468962065,43652.871436773334,11538.794655290718,13486.68660894079,13596.19213500144,12890.50060914264
2009-06-26,7617.370865644531,11150.364988871908,43657.97877852207,11513.711611224717,13639.722571154227,13675.18825568156,12862.479225239802
2009-07-02,7449.008024340414,10903.914190530006,42793.02886569872,11259.229948848943,13459.64971622116,13385.651622050782,12578.18644407254
2009-07-10,7295.565827230614,10679.304343819604,42011.53479982042,11027.300948978009,13403.481098855946,13129.989080850186,12319.088245046762
2009-07-17,7807.316958076122,11428.409513180759,45058.455018416375,11800.816515070219,13689.583362585061,14122.630274025325,13183.216880122269
2009-07-24,8133.267868257887,11905.538916630667,47039.619124280485,12293.493692726777,14045.10757178673,14682.855648832136,13733.608463335044
2009-07-31,8195.478415625315,11996.603185594238,47499.42043675142,12387.525388727758,14315.986652010175,14833.24793355741,13838.655452278863
2009-08-07,8393.70501616776,12286.768780198587,48748.30377990829,12687.14634096638,14281.525828646521,14994.93158242607,14173.375341376892
2009-08-14,8359.706620586428,12237.001672038255,48650.85055601778,12635.757518120261,14427.363783418261,14900.952690094136,14115.96660225029
2009-08-21,8540.51831261894,12501.675192072706,49803.11746047971,12909.055709152182,14640.564926402065,15149.102131307016,14421.280164300659
2009-08-28,8574.527943625118,12551.458746732762,50101.440979707535,12960.461514424886,14846.665740435114,15205.515523700351,14478.707875251162
2009-09-04,8465.038728509426,12391.187606936843,49561.689440602495,12794.967767354352,14671.67805581848,15175.419695425844,14293.827451328907
2009-09-11,8689.81463796089,12720.216280385497,50977.72285465447,13134.718193613262,14997.269224455378,15611.570349626216,14673.377760306703
2009-09-18,8893.715128050122,13018.687357349716,52273.879862226284,13442.915271277296,15150.092133646715,15972.80714556754,15017.678420475102
2009-09-25,8704.533044507998,12741.761195021994,51261.939422850555,13156.965172439574,15097.22726032939,15694.301306138388,14698.230849617954
2009-10-02,8541.192438109649,12502.661982056057,50400.00887153089,12910.074654747283,15009.53810337679,15385.699638434726,14422.418473734762
2009-10-09,8938.713004554827,13084.555588738396,52845.70477062565,13510.929889750103,15240.08529838038,15987.876773866607,15093.660575201491
2009-10-16,9074.549290932324,13283.393770383613,53748.76940458196,13716.247427162389,15350.436296539949,16100.790415300538,15323.029926173278
2009-10-23,9007.046858462843,13184.583200050736,53448.950905532554,13614.217008239888,15249.76860657107,16232.508520865584,15209.047208171747
2009-10-30,8630.368005105363,12633.197850353668,51313.69112986705,13044.864174552189,14920.43034936042,15415.795466709234,14572.997840042708
2009-11-06,8927.882055004131,13068.70116300589,53182.62428014178,13494.55883052219,15095.245397405899,16033.042230440182,15075.371736960231
2009-11-13,9135.389116468645,13372.451566381036,54518.725968913306,13808.207267119999,15343.932031242373,16563.73634517966,15425.762352601083
2009-11-20,9119.558402861872,13349.27844827201,54524.250481770214,13784.279028061774,15406.389170961053,16349.20042645519,15399.03105272356
2009-11-27,9131.220773851106,13366.34991498398,54693.9777655857,13801.906786856973,15501.13904236531,16375.517990574024,15418.723805933543
2009-12-04,9251.226346621828,13542.014978520174,55512.784406168124,13983.296085211034,15445.882942234917,16605.123537597563,15621.361857027807
2009-12-11,9259.56303185691,13554.218281314283,55662.809407479006,13995.897045737085,15371.494963918645,16608.858373429608,15635.438950362886
2009-12-18,9233.744025562823,13516.424224951941,55607.60138940151,13956.871429444824,15392.506655664774,16762.290640808867,15591.841699036735
2009-12-24,9423.926061916165,13794.81412575497,56852.918699442125,14244.33296424861,15378.35674803586,17335.3707994097,15912.977762221137
2009-12-31,9336.795342242262,13667.271520406859,56427.27411253658,14112.634246082167,15327.247796866772,17248.644437123716,15765.851267863301
2010-01-08,9599.030158127352,14051.132823930378,58112.10009355087,14509.004082575362,15544.61614626207,17550.254144723196,16208.653637729429
2010-01-15,9521.112486826449,13937.07634835473,57740.38998960242,14391.230954208595,15593.557455288383,17286.340222033195,16077.084038971007
2010-01-22,9149.961462492765,13393.78267652114,55589.56006613301,13830.233474400702,15291.842085520966,16649.159857756793,15450.368808201612
2010-01-29,8997.4742764948,13170.570782287152,54763.14134621852,13599.747980789489,15159.549639590792,16116.017644986057,15192.883214207477
2010-02-05,8936.308623637971,13081.036037797778,54490.856503828596,13507.295650460916,15097.565728331132,15990.343465748661,15089.60060488652
2010-02-12,9051.932380719098,13250.28696644219,55295.89454815883,13682.06180244684,15097.247667352864,16280.5572694939,15284.839644659114
2010-02-19,9311.661696863728,13630.480700527592,56982.513213935694,14074.64455781159,15307.610249858455,16678.637012995012,15723.411297795157
2010-02-26,9278.146424550738,13581.420791855327,56877.41722681592,14023.985979308627,15426.512051169702,16652.581196001935,15666.81834709633
2010-03-05,9572.2224344469,14011.89147559246,58780.178591629265,14468.484012743627,15644.920804210802,17277.620819100623,16163.386865899927
2010-03-12,9673.599672824415,14160.288242588724,59502.70614129343,14621.716447819816,15758.888022723113,17619.903401869855,16334.569632965144
2010-03-19,9756.584520730468,14281.762089539225,60113.14932543773,14747.1486505764,15894.346144519111,17687.39996727132,16474.69552430324
2010-03-26,9807.89670599813,14356.873253771955,60529.298593519765,14824.70739278996,15783.572214586731,17877.37601452511,16561.339844062393
2010-04-01,9910.543547383142,14507.128475236861,61262.78215254577,14979.858842070244,15906.225279055257,17936.94441192704,16734.666427228498
2010-04-09,10057.761319128744,14722.626961100987,62272.82005675492,15202.379577613103,16050.134537396423,18260.970780816253,16983.254235812725
2010-04-16,10041.784544998984,14699.240038495569,62273.899556565906,15178.230567009277,16098.333275360379,18447.21844636215,16956.276302224476
2010-04-23,10247.898413782703,15000.951075905123,63652.11004836987,15489.773182710549,16314.508937816581,18815.942540783893,17304.314411701514
2010-04-30,9995.505830061937,14631.496906138525,62184.44028177851,15108.279951905786,16219.714320310317,18338.281132552285,16878.131359573297
2010-05-07,9360.322321867941,13701.71049082581,58332.81125921654,14148.195447351096,15867.733163107085,16912.71081631109,15805.5782671135
2010-05-14,9581.592778767728,14025.607856361037,59811.75178666197,14482.647356515492,16046.30909168377,17478.824866440238,16179.20936703396
2010-05-21,9179.443217286362,13429.925487864844,57401.38943795737,13874.795361759667,15882.3721402937,16682.971363867837,15492.061269436208
2010-05-28,9201.318589459808,13429.925487864844,57638.1816951243,13907.860146320601,15780.516571007707,16339.178270443153,15492.061269436208
2010-06-04,8986.789387467092,13429.925487864844,56394.34461317276,13583.597693107184,15665.666475729591,16140.977493313949,15492.061269436208
2010-06-11,9227.39601052533,13429.925487864844,58004.211177518984,13947.276358424315,15892.965588016705,16078.243939505737,15492.061269436208
2010-06-18,9444.565537356644,13423.210525120912,59469.35764801586,14275.529681885195,16135.665967206276,16124.458894825988,15484.315238801491
2010-06-25,9118.277564429525,12952.757931975759,57514.82839714681,13782.343031431083,15891.047386551463,16348.931534952932,14941.625675560394
2010-07-02,8638.985575961568,12952.757931975759,54591.62623269433,13057.889695742855,15521.245783981782,16686.833652337496,14941.625675560394
2010-07-09,9125.883947049671,12952.757931975759,57768.44279339231,13793.840134229109,15949.401162581393,16426.884471637695,14941.625675560394
2010-07-16,9016.001492064403,12952.757931975759,57172.86761934397,13627.752002228104,15935.771269558718,16688.477557805,14941.625675560394
2010-07-23,9332.986533219762,12952.757931975759,59282.95422050957,14106.877203469856,16207.431728547574,16519.60604292566,14941.625675560394
2010-07-30,9321.155630857851,12952.757931975759,59307.80455211435,14088.99470827588,16240.58667370759,16635.501378384535,14941.625675560394
2010-08-06,9500.349421712664,12946.28155300977,60547.96256962314,14359.847429879566,16424.613221188727,16627.043219608197,14934.154862722613
2010-08-13,9155.46682066687,12469.831250586061,58449.944592377986,13838.554863427331,16210.594583742337,16990.79707619944,14384.546655018175
2010-08-20,9089.537347675709,12469.831250586061,58129.04043546058,13738.901984226728,16378.265645421849,17613.678160756735,14384.546655018175
2010-08-27,9032.899571031461,12469.831250586061,57866.832824358135,13653.293571811895,16274.409554021975,17499.082040909274,14384.546655018175
2010-09-03,9373.557652335488,12469.831250586061,60149.166867383006,14168.200745868182,16552.747497889428,17257.374907977875,14384.546655018175
2010-09-10,9423.431703222974,12463.59633496077,60569.20358347834,14243.585737478863,16525.052936377306,17047.458785619623,14377.354381690668
2010-09-17,9559.706171169431,12643.835340530817,61545.10911898045,14449.565589527963,16626.4393413097,16939.146626994705,14585.268693646942
2010-09-24,9757.71929863982,12905.730981899978,62919.91185025152,14748.863875661475,16952.77764445899,17244.03806200766,14887.377839818711
2010-10-01,9739.866208560925,12882.118171293103,62904.791214000456,14721.878799817958,17032.595264359832,17494.33592673697,14860.139333618816
2010-10-08,9903.880940449983,13099.046937334128,64064.07809172295,14969.78826310535,17179.286015933758,17429.110000123186,15110.37703878311
2010-10-15,10002.460558041063,13229.430071547302,64801.74855217986,15118.792073961873,17021.43733775287,16768.525148230605,15260.780219020913
2010-10-22,10057.705142004514,13302.497528912947,65259.65505109541,15202.294665480169,17153.226157988982,16954.18040764105,15345.067025178798
2010-10-29,10069.603456915494,13318.234449260764,65436.85754568209,15220.279055233652,17100.429259558987,16793.63447851648,15363.22031533971
2010-11-05,10429.080874835097,13793.685598012822,67872.90510584095,15763.63179381976,17321.890323078354,16421.28000017991,15911.675951504354
2010-11-12,10214.922441862273,13510.435891922403,66579.15284969978,15439.92976068365,16955.022466367154,16066.357189726179,15584.933870525005
2010-11-19,10222.5737661818,13520.555667896779,66729.0228995481,15451.494793188016,17017.850899066274,16054.12209876921,15596.607516039245
2010-11-26,10095.9505281773,13353.081548614526,66002.47518840616,15260.102845575406,16925.20046984421,16145.902809730082,15403.418110832945
2010-12-03,10443.529631185922,13812.795777018764,68374.78041200126,15785.471194408034,17146.228053141884,16482.490512531967,15933.72045683668
2010-12-10,10578.64685037333,13991.504185047903,69359.40567932768,15989.701856518881,17153.562730314163,16673.694484105912,16139.869151336321
2010-12-17,10618.824729619479,14044.6441540411,69722.83387249686,16050.431013986732,17199.287779180802,16714.50149234062,16201.168646723874
2010-12-23,10729.886904213487,14191.536937457699,70552.0642483535,16218.30230077916,17284.34045039565,16782.548230299002,16370.616496809434
2010-12-31,10742.695288536923,14208.477531599825,70736.28302547312,16237.662267086023,17409.747584501343,16696.096269554346,16390.158282251774
2011-01-07,10861.442493724991,14365.5346715017,71618.18511699294,16417.14953366257,17394.247068807184,17128.356073277628,16571.33120360274
2011-01-14,11045.973111381236,14609.598108510723,72934.94319886772,16696.068907894114,17532.765868220242,17474.794952466065,16852.870049308884
2011-01-21,10966.51618687655,14504.506984148338,72510.30075975705,16575.969187085208,17433.029938656087,17070.125454138586,16731.642411898152
2011-01-28,10910.990717291968,14431.068022525189,72243.16789542747,16492.042034902286,17410.54934821029,17085.445611010204,16646.927057813897
2011-02-04,11204.010597252689,14818.621263952089,74283.29275972157,16934.9437202383,17479.270271370835,17589.78377292124,17093.988254600084
2011-02-11,11371.45213371951,15040.08238193465,75493.44064520752,17188.032823634112,17687.170746114105,17916.27489636608,17349.45424446606
2011-02-18,11492.761015772263,15200.52764066495,76398.79292381671,17371.39208347203,17802.755661022748,18005.18088681557,17534.53552290549
2011-02-25,11304.8148289631,14951.946711884688,75249.40978714933,17087.310051558652,17850.0864520952,17674.062164498755,17247.785534414717
2011-03-04,11316.780556423157,14967.772793254308,75429.05849813361,17105.39633587165,17770.27481203891,17771.417028646327,17266.041676077963
2011-03-11,11177.528700892743,14783.595842554729,74600.91145981223,16894.916140777532,17696.99829193633,17318.438202700785,17053.584756102195
2011-03-18,10961.673718768305,14498.102250748992,73260.25504634772,16568.64976122709,17639.629469323958,16699.286508170626,16724.254245647586
2011-03-25,11265.41219403127,14899.832094642197,75390.23319895907,17027.75268152517,17835.501959149926,17162.009259467868,17187.66883130394
2011-04-01,11424.135040818273,15109.761720471866,76552.43600407391,17267.663421891033,18017.695558924665,17386.649584586445,17429.83269353547
2011-04-08,11399.248574786334,15076.846443257122,76485.67330462484,17230.047347005326,17813.55906234146,17214.95051142445,17391.863347259346
2011-04-15,11328.903579831038,14983.806917008125,76113.67865800692,17123.720374156826,17968.782409718035,17108.716701455574,17284.537804579963
2011-04-21,11478.188669748144,15181.253999785704,77216.65633208751,17349.365876191325,18105.421198691354,17334.164494628618,17512.302456485566
2011-04-29,11705.55996233883,15481.979266149054,78846.24009002226,17693.03924299136,18421.498563256693,17677.53673745565,17859.20343192122
2011-05-06,11514.220677226442,15228.910565938158,77657.41808909594,17403.828518249324,18365.31056209276,17388.579416936584,17567.276584479936
2011-05-13,11500.490988065705,15210.751437831423,77664.81849062747,17383.07599296249,18352.94750272728,17367.845074853536,17546.329161839112
2011-05-20,11463.605088299179,15161.965498736155,77515.72158570371,17327.322686484036,18336.163330632193,17312.140618995396,17490.05224814858
2011-05-27,11455.021223717506,15150.612328626868,77557.67837399874,17314.348112573116,18416.413189059076,17299.177413306814,17476.955823518798
2011-06-03,11189.898903647218,14799.956890055146,75862.63398008652,16913.613792447584,18176.496522947196,16898.794213524754,17072.458006779398
2011-06-10,10947.95526503241,14479.95798281255,74322.36163642281,16547.91421836684,18001.826369921313,16516.51626839768,16703.32396492381
2011-06-17,10954.606636540722,14488.755203630217,74467.51578865047,16557.967814905147,17990.601240435764,16475.71709484415,16713.471979820188
2011-06-24,10933.922219400858,14461.397630107713,74426.9067087403,16526.703167562217,17976.155654436323,16489.30809039889,16681.913710522513
2011-07-01,11546.96070522512,15272.21310219268,78699.8427583814,17453.315309317928,18356.197779165996,15957.565548136916,17617.22813077729
2011-07-08,11588.352010354542,15326.95796957829,79081.95069036522,17515.878568856955,18532.13895406804,16014.76713404227,17680.37895320675
2011-07-15,11354.688879850588,15017.911007846877,77587.37225952718,17162.695043169337,18370.115465236824,15675.836682306266,17323.87850422046
2011-07-22,11603.868132065654,15347.479864762745,79390.03127603872,17539.331299970803,18602.824246253418,15640.595791405607,17704.05194065927
2011-07-29,11151.204100480627,14748.778463541563,76393.0457522403,16855.126315288948,18312.279501735415,15205.076038086156,17013.421244443063
2011-08-05,10353.63499700012,13686.525165215799,71029.17544157729,15649.59479930169,17880.817854293276,15940.718644294035,15788.061267859921
2011-08-12,10184.642971904674,13686.525165215799,69969.83727655509,15394.162121037158,17932.890711438893,16447.052405067734,15788.061267859921
2011-08-19,9712.137180043168,13686.525165215799,66823.66031581313,14679.966171006252,17816.238673687636,17324.15099273823,15788.061267859921
2011-08-26,10171.710997907943,13686.525165215799,70085.72486718107,15374.615348037862,18148.39576310962,16901.951960618797,15788.061267859921
2011-09-02,10161.363171625588,13686.525165215799,70114.42566236215,15358.974533153105,18428.58434800988,17580.106474613054,15788.061267859921
2011-09-09,9994.955294244523,13686.525165215799,69066.19460800453,15107.447813003117,18326.127877793606,17767.610131928377,15788.061267859921
2011-09-16,10531.682774520734,13686.525165215799,72875.0380708229,15918.715313393714,18821.829771953042,17537.919939282165,15788.061267859921
2011-09-23,9840.086198179393,13686.525165215799,68189.46601082326,14873.362044955891,18656.4260436945,18880.142954626303,15788.061267859921
2011-09-30,9806.290040245274,13686.525165215799,68055.26664342632,14822.278905788302,18616.124431730103,18875.447617078175,15788.061267859921
2011-10-07,10028.155974661855,13686.525165215799,69695.00748974495,15157.630883561704,18729.046804819274,18521.104554499445,15788.061267859921
2011-10-14,10622.678480341361,13686.525165215799,73926.89879566895,16056.255986305388,19123.441361056553,17849.09926429918,15788.061267859921
2011-10-21,10744.021068668651,13686.525165215799,74871.36389582964,16239.666193423061,19199.464233470524,17720.656756447108,15788.061267859921
2011-10-28,11145.283031587256,13679.681902633192,77767.61962273286,16846.176576478676,19516.331233793928,17459.076403194835,15780.167237225993
2011-11-04,10874.880061839762,13340.950390452932,75980.84875862984,16437.460515858205,19604.28087816094,18291.152185644965,15389.424239781438
2011-11-11,10977.144898780043,13334.279915257708,76795.35494763611,16592.034562634602,19659.010504431364,18160.802941732738,15381.729527661548
2011-11-18,10571.546061871222,12834.919231166738,74057.81322490428,15978.96896291719,19474.081576107346,18740.260030413312,14805.693099129223
2011-11-25,10082.748903984293,12834.919231166738,70733.59803331415,15240.148494338076,19029.12245396419,18969.521207445992,14805.693099129223
2011-12-02,10821.152260230403,12834.919231166738,76013.72566363956,16356.250551928884,19747.68858140161,18676.479709201187,14805.693099129223
2011-12-09,10924.282224883755,12828.501771551155,76838.16726212548,16512.13224555232,19732.114602090594,18372.665152216516,14798.290252579658
2011-12-16,10604.49956294196,12446.563311313921,74688.910683067,16028.778420090908,19764.937469150733,19255.793792677247,14357.70597439465
2011-12-23,11023.131492671118,12440.340029658264,77737.3914315491,16661.54363464689,19971.332287107223,18618.252756764254,14350.527121407453
2011-12-30,10945.505942416186,12352.73441225247,77289.96007873713,16544.21204937133,20114.489202170687,19148.563723494375,14249.469852428287
2012-01-06,11138.249655634216,12570.258564314468,78750.98934302351,16835.54557743649,20159.797874826512,18750.604073539642,14500.39436383914
2012-01-13,11236.806802375608,12681.486886196595,79547.81990910656,16984.515423439847,20412.852697063183,19090.14609745143,14628.701552069744
2012-01-20,11508.041193561643,12987.593010063034,81567.9476538197,17394.488183627607,20445.048680749096,18474.22268162042,14981.809603947882
2012-01-27,11496.704649892918,12974.798963462596,81587.59526499934,17377.352915203373,20509.868739615427,18647.95017090114,14967.051059382826
2012-02-03,11733.929410072775,13242.52294752771,83371.08617041899,17735.919870118425,20678.50130912654,18435.434831814153,15275.883477565789
2012-02-10,11718.233521564143,13224.809089152277,83359.56485239818,17712.195420179225,20691.710107928295,18561.704702648953,15255.449694852823
2012-02-17,11897.022837124532,13426.584771563386,84731.41180082652,17982.436774425852,20852.12716446193,18845.44132275852,15488.207593429383
2012-02-24,11942.38024722428,13477.773637892404,85154.45038333542,18050.994830549374,20965.640996648603,19002.908072033297,15547.256398592053
2012-03-02,11975.51351509254,13515.166743367823,85490.70523005085,18101.076006548454,20994.782016810215,19273.269788535235,15590.391133896666
2012-03-09,11998.197837854836,13540.76751649596,85752.64390167198,18135.363525823508,20934.051511623602,19317.841570582845,15619.922849929222
2012-03-16,12289.835760559607,13869.900388257738,87937.01717771697,18576.176372689573,20911.549040532926,19797.013495044783,15999.59335664397
2012-03-23,12232.894627444539,13805.63851692867,87629.58834803909,18490.109434756945,20987.03326307551,19901.90292550908,15925.464215062497
2012-03-30,12334.507809743802,13920.315779024193,88457.48813029028,18643.69850079141,21016.736384464275,20047.317225466162,16057.749920757617
2012-04-05,12245.152475950565,13819.47231756403,87916.6722582415,18508.637262161144,21000.38567543946,20097.777942536984,15941.422165627886
2012-04-13,12013.028598650395,13557.50502047275,86350.08959346931,18157.78032891567,21053.91215186948,19643.69868026722,15639.230361154077
2012-04-20,12083.980306547324,13637.578761088986,86960.09306872931,18265.02435279975,21145.098072587527,19492.35012473857,15731.599250082058
2012-04-27,12297.711793376036,13878.789017263594,88598.17154244815,18588.081053725637,21385.397367928308,19955.298647532098,16009.846815256564
2012-05-04,12000.759514719524,13543.658539910133,86558.79558646733,18139.23551908488,21158.529810443008,19201.512290063412,15623.257783686242
2012-05-11,11879.001215672959,13406.246168246134,85780.58019474978,17955.19696218356,21127.15060638412,19047.17371867637,15464.7460419107
2012-05-18,11364.81199763606,12825.949297414461,82167.51975706792,17177.99620952241,20910.83124448967,18047.030211886573,14795.345851603637
2012-05-25,11571.532579361417,13059.24727898186,83762.10827174321,17490.455876259275,21085.165772821147,18420.983768288228,15064.466229653668
2012-06-01,11226.402798969031,12663.215649918851,81363.83953899206,16968.789696422173,21201.48536087966,17909.613316091094,14607.624807292641
2012-06-08,11659.135186878813,12656.884042093892,84600.08622492512,17622.867856342287,21356.79861686896,17184.184978532456,14600.320994888996
2012-06-15,11810.521301241957,12821.225261606796,85798.56206580838,17851.689072148172,21604.37053189809,17256.09245446359,14789.896450396049
2012-06-22,11750.647722242313,12756.22790679128,85463.60522919841,17761.189720876868,21444.306874958085,17354.733174458623,14714.918893442133
2012-06-29,11983.097426862994,13008.569860962458,87254.23456818728,18112.539144493312,21711.17398675254,17576.61291193804,15006.007404573602
2012-07-06,11929.392096103322,12950.268611944224,86963.18229173981,18031.363145417155,21800.58963628341,17565.65970777297,14938.754125864702
2012-07-13,11952.278656512832,12975.113725804089,87230.02131495989,18065.956348370742,21970.49431093353,17362.932606955073,14967.414152795673
2012-07-20,12015.668923488998,13043.928714708038,87792.65563753559,18161.771199163144,22100.955059522737,17579.79497245427,15046.795533229903
2012-07-27,12210.255246381625,13255.167068629959,89314.40336929036,18455.889845188238,22208.30956307674,17366.236994728395,15290.46907589924
2012-08-03,12269.241226818503,13319.20086723785,89845.86835864295,18545.04758475933,22218.034429829037,17259.407709591855,15364.335124690397
2012-08-10,12400.437282734963,13461.624232255823,90906.59798740584,18743.351379992022,22240.619935319122,17026.435370254534,15528.627286925503
2012-08-17,12518.420479033564,13589.704026385625,91871.52321146379,18921.68384156079,22077.40465977019,16454.037481740354,15676.373454231392
2012-08-24,12459.42326317184,13525.658030863711,91538.54813321569,18832.50911956311,22248.09509913933,16430.37506474765,15602.493335716656
2012-08-31,12428.604492821678,13492.20189570534,91412.12469181583,18785.926323440537,22422.57344953328,16813.47035846357,15563.900083938726
2012-09-07,12707.714916824141,13795.197633803866,93564.9759911258,19207.80376466436,22484.159038001853,16362.546882544795,15913.420157094895
2012-09-14,12963.927544992252,14073.33606112851,95551.43068105863,19595.071020508018,22340.660123665344,15606.621442318632,16234.266133596515
2012-09-21,12911.929998809037,14016.8887430414,95268.17954729016,19516.476350272776,22532.396167517043,16035.372200273143,16169.151452871663
2012-09-28,12743.758159727287,13834.325333981797,94127.35614119086,19262.283389148946,22554.295084573045,16387.613394387998,15958.555830337187
2012-10-05,12935.838982879453,14042.843776077132,95646.09461865768,19552.61495404559,22553.660602210446,16015.9564075584,16199.091824648347
2012-10-12,12648.155929720164,13730.541792580925,93618.99945621211,19117.77992133744,22462.711687775143,16388.767001407297,15838.836552401197
2012-10-19,12692.412268185091,13778.585436907877,94046.57559851333,19184.673699655636,22348.249777555517,16093.971526321555,15894.257193579933
2012-10-26,12511.836520074328,13582.556634769584,92808.56904884226,18911.732139582,22223.565389151583,16212.949470600704,15668.128596213945
2012-11-02,12530.431148193002,13602.742527473594,93046.49770743052,18939.838055580123,22235.363112314048,16198.32407991528,15691.41398873763
2012-11-09,12229.46782286678,13276.023791605097,90911.65175290602,18484.929794648535,22185.546630698223,16691.18801441726,15314.528303219786
2012-11-16,12071.025861700904,13097.384898191489,89833.82287227179,18245.443614947293,22040.553481078063,16726.154957674087,15108.459797153344
2012-11-23,12511.836520074328,13090.836205742393,93214.3813814015,18911.732139582,22372.791690143604,17336.961981320816,15100.905567254767
2012-11-30,12582.653402873117,13164.930221583538,93841.9739463185,19018.772374347063,22490.556123812174,17435.089031074735,15186.376557704178
2012-12-07,12605.663552955924,13189.005192937286,94113.58464204651,19053.552383993083,22506.903143853237,17466.972927298128,15214.148188426123
2012-12-14,12578.226645484141,13160.29861088365,94008.74134261892,19012.081298272587,22417.45004124073,17428.955117445825,15181.033773278183
2012-12-21,12729.747584945426,13318.831356819503,95241.19770608575,19241.10630319749,22481.54535154714,17638.909328612153,15363.90887675284
2012-12-28,12483.70301626215,13061.400791548165,93500.34585461734,18869.208143413238,22318.705219930624,17297.97893632894,15066.950409379899
2013-01-04,13048.912298520741,13652.765786138782,97833.64612638569,19723.526095196732,22569.527149722402,18081.15827393337,15749.118209720698
2013-01-11,13111.313848110538,13718.055039507293,98401.49900029904,19817.84649244966,22744.842779868683,18167.62466046888,15824.432485614088
2013-01-18,13223.64562571204,13835.585099856296,99344.55831757328,19987.636793446185,22876.188390904663,18323.276610879744,15960.009030515437
2013-01-25,13394.817323227442,14014.677965371107,100730.51055551527,20246.3640624682,22900.635799054147,18560.459793967322,16166.601215109564
2013-02-01,13483.071585385855,14107.016295441264,101494.19238643518,20379.76102329314,22818.115820794414,18682.748858828032,16273.117894465446
2013-02-08,13532.990577972721,14159.245347064649,101969.9589768047,20455.213944610157,22993.618325713498,18751.91885439469,16333.366603106842
2013-02-15,13560.629723091717,14188.1635255462,102278.21763757148,20496.990714009185,22973.10826599923,18790.21689380365,16366.725104852927
2013-02-22,13541.023906736982,14167.650427395669,102230.34486226244,20467.35637961841,22994.980162563574,18763.050195117215,16343.062265199707
2013-03-01,13560.629723091717,14188.1635255462,102478.36242585699,20496.990714009185,23181.88247174243,18790.21689380365,16366.725104852927
2013-03-08,13857.503353774315,14498.775326366535,104821.85141869963,20945.717371663843,23162.7347273065,19201.578314658454,16725.030670558906
2013-03-15,13954.1167720175,14599.859642123798,105652.66108286483,21091.749257868,23341.182517216945,19335.450201194075,16841.636262637992
2013-03-22,13933.522238276397,14578.31207254791,105596.73094919475,21060.620469937752,23447.143403373324,19306.91349134179,16816.780110727195
2013-03-28,14029.33794135558,14678.561757950622,106422.88079456305,21205.446603854376,23578.249956400778,19439.680027959505,16932.422916780277
2013-04-05,13894.119603344563,14537.086035176038,105497.14992062312,21001.063099904266,23868.348795443835,19252.315432720978,16769.223905189185
2013-04-12,14220.07051352633,14878.120700187535,108072.0740626272,21493.740277560828,24135.13684605559,19703.967636498703,17162.62369956137
2013-04-19,13922.769936699617,14567.062195797158,105912.59933448743,21044.368287695936,23903.63825481149,19292.014619913185,16803.802839925975
2013-04-26,14169.926812442562,14825.65654142202,107892.75876198217,21417.947707712105,24201.828124705145,19634.486274757983,17102.1037835887
2013-05-03,14450.205720628917,15118.90567979632,110126.86044276632,21841.591321300763,24315.986543754454,20022.853303658718,17440.380687880468
2013-05-10,14632.88249318572,15310.036030988003,111619.06342080267,22117.708595145792,24325.08827425061,20275.978434857992,17660.858687835567
2013-05-17,14948.979935778318,15640.761247817256,114130.24252432703,22595.492184687337,24501.8946796419,20713.97723190334,18042.366040731606
2013-05-24,14803.020531615368,15488.047403649032,113115.89343379448,22374.873480921993,24336.580294789153,20511.729333544907,17866.203318705855
2013-05-31,14636.466593711315,15313.785989904922,111943.18713370548,22123.125989226402,23976.438532408476,20280.944725334197,17665.184444769307
2013-06-07,14757.348529619958,15440.261877011835,112967.72100845362,22305.839916854093,24009.87024669973,20448.44415866792,17811.080428625442
2013-06-14,14612.287959444619,15288.488461412118,111957.28020074322,22086.57980721554,23924.283109657932,20247.441725005716,17636.00253592477
2013-06-21,14319.391669157196,14982.038057007421,109813.15031961311,21643.864928571962,23180.855515770516,19841.591485431712,17282.49733998225
2013-06-28,14440.914024282012,15109.183999469398,110845.08604417733,21827.546854515,23473.380044248875,20009.978312361494,17429.166264732503
2013-07-05,14674.970394655544,15354.07159870829,112741.64812256226,22181.324765133093,23366.87061833441,20334.2973192588,17711.655820982247
2013-07-12,15079.153568033878,15776.958815251102,115946.81807416066,22792.2505791008,23881.436680179293,20894.351656534312,18199.476447735713
2013-07-19,15228.58471847397,15933.30506476518,117195.82596353047,23018.1168526809,24154.688294491345,21101.410162281918,18379.829323029568
2013-07-26,15223.18047912347,15927.65073799704,117254.23613058832,23009.948305493534,24055.747025207056,21093.92180579586,18373.30678671255
2013-08-02,15388.824347615071,16100.959967815543,118630.08287603903,23260.320220635745,24092.943606994122,21302.351459195852,18573.22727095746
2013-08-09,15241.190865150196,15946.494575438472,117591.99903906282,23037.171135309236,24021.215392417533,21169.52291090711,18395.044054313756
2013-08-16,14927.92474961857,15618.731708600013,115275.02328680734,22563.66711726711,23376.506185250604,20891.38134877917,18016.953913791705
2013-08-23,14999.033753463333,15693.131363725923,115924.13458068066,22671.148895123384,23526.538637359234,21219.337469745496,18102.777473771766
2013-08-30,14731.675583848864,15413.400886023892,113957.78384468902,22267.035072107436,23428.317861215368,20887.219860262347,17780.094991027963
2013-09-06,14946.822734208059,15638.504219252842,115722.0678778179,22592.231558783024,23398.062283200794,21291.28498232519,18039.76245035142
2013-09-13,15242.988533125417,15948.375432575485,118115.05812028353,23039.888323562835,23721.65028980607,21604.0439637449,18397.21371296391
2013-09-20,15443.55210203565,16158.220312280433,119769.18758427691,23343.041620531134,24034.458408358973,21925.834916538166,18639.279816488015
2013-09-27,15279.807020342872,15986.8977378129,118599.29738831094,23095.539735481783,24031.83334436333,21949.416684800148,18441.651034192324
2013-10-04,15277.99811694281,15985.005125318783,118685.25698374264,23092.805564801605,23978.472891530113,22041.031083851936,18439.467815175612
2013-10-11,15401.936088409324,16114.678469558616,119748.05393403383,23280.138712460404,24072.506235266428,21988.288070131344,18589.052218737004
2013-10-18,15775.536435359243,16505.567604058022,122752.74813867995,23844.83836126382,24567.12365852445,22801.627881363274,19039.961527704767
2013-10-25,15916.66460683879,16653.22664467053,123950.8959550719,24058.15462159763,24813.743583304316,23012.599936245642,19210.293292108232
2013-11-01,15940.180351039628,16677.830607094063,124234.02462145667,24093.698840439974,24669.645645365053,22979.308028111078,19238.675139325533
2013-11-08,16037.872370067942,16780.04343713353,125095.41329021737,24241.361039596286,24502.023322630794,22918.24203735685,19356.58252659471
2013-11-15,16287.545980976194,17041.27098275021,127142.86759235535,24618.744523167494,24855.997995996706,23306.86341314616,19657.92099236765
2013-11-22,16356.295545603478,17113.20201288379,127779.53633316189,24722.65999144092,24841.092965065003,23315.1863901798,19740.896875369384
2013-11-29,16373.485745616512,17131.18770925646,128013.83054305894,24748.643104115927,24908.394296852486,23798.196490698774,19761.64423621146
2013-12-06,16368.05903541632,17125.50987177411,128071.40256096848,24740.440592075385,24786.953748074186,23873.16493568327,19755.094579161316
2013-12-13,16112.059880320268,16857.66406010657,126168.34460665431,24353.496002336844,24582.288013503698,23553.932527681834,19446.12162701316
2013-12-20,16512.816249120842,17276.965892731958,129406.53848240456,24959.242176196138,25048.230092021768,24087.558658901697,19929.806341964777
2013-12-27,16721.098554899672,17494.88670276895,131138.79138289977,25274.06240022831,25035.364081846434,24371.61878247578,20181.18841731797
2014-01-03,16633.788068428243,17403.53582269572,130554.04022056893,25142.091963236504,24992.34684481274,24126.553347596353,20075.810808753416
2014-01-10,16747.468097011166,17522.476525897484,131546.2835846683,25313.92015542323,25314.00599893365,24310.337010835494,20213.01459764238
2014-01-17,16701.998332662966,17474.9025956882,131289.1323734626,25245.192275033856,25376.532173975305,24471.86441696986,20158.1357941601
2014-01-24,16269.985011943269,17022.897359593026,127993.21214156157,24592.20099041518,25175.165140177032,24154.38908189775,19636.726139428974
2014-01-31,16205.415025358367,16955.339322302996,127585.25101038216,24494.602984831356,25190.172505502705,24023.533387424388,19558.794712788844
2014-02-07,16341.835553827808,17098.07286828795,128759.28998689134,24700.80360842606,25203.801393058588,24310.337010835487,19723.44468360222
2014-02-14,16736.558499486557,17511.062074147245,131969.35960282563,25297.430219209225,25549.24640792359,25009.312952457018,20199.84748170927
2014-02-21,16724.73883254949,17498.695438471394,131976.16040201913,25279.56470644184,25547.04055304151,25042.728163955042,20185.581976084522
2014-02-28,16943.00943101563,17727.066760975904,133798.54995934656,25609.482307708055,25929.11255828514,25260.66685887298,20449.019217312623
2014-03-07,17122.180751020755,17914.529440750415,135313.46169085414,25880.30106445857,25862.02843933393,25313.810608524822,20665.266382899925
2014-03-14,16794.76923560912,17571.966579315096,132825.9883898755,25385.41617134596,25822.243429852173,24793.71702144485,20270.103740874496
2014-03-21,17009.826502569555,17796.975869687198,134626.82712387134,25710.476798608866,25993.042812927077,24943.623085572985,20529.662717265444
2014-03-28,16944.964394938677,17729.112193112403,134213.4662292383,25612.43724993384,26043.07796870925,24397.08092703055,20451.37872109466
2014-04-04,17028.095303367718,17816.090080342077,134971.90888577048,25738.09022423603,26059.90279232754,24182.118497874002,20551.711873297612
2014-04-11,16581.386046950607,17348.708837151837,131531.1017678049,25062.885925644216,25867.874807079017,23547.733031952903,20012.565259101495
2014-04-17,17027.185233955264,17815.13789641647,135167.38384144363,25736.714647682653,26221.621484703985,24180.826080490777,20550.613483605972
2014-04-25,17018.050833556183,17805.58079108903,135194.8719736311,25722.907934869072,26335.16562160233,24167.854039348047,20539.588905589884
2014-05-02,17179.7398325023,17974.7521352061,136579.3624082796,25967.30203585337,26641.51019882334,24373.30567372819,20734.73614080446
2014-05-09,17170.605432103217,17965.195029878665,136606.7436960842,25953.49532303979,26494.02606560733,24055.425382682963,20723.71156278838
2014-05-16,17178.82976308984,17973.799951280493,136772.1752313672,25965.92645929999,26720.762676875394,24552.80987419452,20733.637751112823
2014-05-23,17388.943443118424,18193.63688452581,138545.03103468407,26283.514818865515,26837.769819099867,24371.137822353285,20987.23016621586
2014-05-30,17601.787331384374,18416.33036954797,140340.84787380422,26605.229908091187,27168.23328164604,24673.904220010038,21244.117750393812
2014-06-06,17848.438613009286,18674.39572410305,142407.42373003453,26978.045118911028,27185.24144592904,24193.89307261574,21541.808477561182
2014-06-13,17734.252990308334,18554.926029831506,141596.37034836784,26805.45271752798,27135.454524550383,24315.29274961083,21403.994472176862
2014-06-20,17985.162497949546,18817.44666472988,143699.71808380997,27184.704268023528,27331.93683791937,24239.4179514889,21706.82457827178
2014-06-27,17974.15178160133,18805.926414765683,143711.74351948116,27168.061489970256,27462.71006712094,24551.61908259422,21693.535419039596
2014-07-03,18192.613382289837,19034.497578341005,145558.44611265382,27498.267792488412,27442.542639674983,24034.385072165373,21957.203186499275
2014-07-11,18046.665213551732,18881.795489529886,144490.72005768327,27277.66607114965,27598.0671249095,23902.359580079712,21781.054024840087
2014-07-18,18147.637976634822,18987.440883844396,145399.15901698385,27430.287138868778,27782.075467626957,24076.271971664468,21902.921039145796
2014-07-25,18148.548046047275,18988.39306777001,145506.45050733583,27431.662715422157,27894.51676283787,24231.59495888151,21904.019428837437
2014-08-01,17669.413353527147,18487.085863970922,141764.97579284967,26707.447133706115,27374.50239824727,23713.091493151314,21325.737596739204
2014-08-08,17737.3314967159,18558.146997678636,142409.89563440887,26810.10590241226,27529.388808342886,23746.996003673754,21407.710012615247
2014-08-15,17964.97243950287,18796.322288009822,144337.58447872085,27154.186847450335,27950.133852060644,24197.184757996518,21682.456599557267
2014-08-22,18283.485498437167,19129.574906616934,146996.64242920314,27635.62165870765,28207.56941084135,24110.8448216186,22066.879431264446
2014-08-29,18423.00700416386,19275.552931163234,148218.37563976872,27846.509432039802,28506.03238764559,24472.648897908057,22235.27206324934
2014-09-05,18459.713137132872,19313.95768282959,148613.6870079647,27901.9910196929,28247.860276418884,23845.402795736245,22279.573780812127
2014-09-12,18277.98014026306,19123.814781634836,147250.60843706853,27627.300269681014,27851.56436251454,23337.356809110635,22060.234851648358
2014-09-19,18508.295114163167,19364.787846957322,149206.0661943648,27975.42303224631,28182.003195956157,23510.439610661073,22338.208805832473
2014-09-26,18250.08258037263,19094.62622993984,147224.46569192392,27585.132904470538,28083.822911623112,23228.272956037144,22026.56446147132
2014-10-03,18122.818923151957,18961.473299996538,146297.82245051395,27392.772958542584,28158.83813307192,23084.83502326252,21872.966189407147
2014-10-10,17571.350565478948,18384.485107146953,141946.05254539973,26559.224514472506,27869.60783255281,22207.712321679595,21207.38271737344
2014-10-17,17380.460697360366,18175.569347356974,140503.99331953813,26270.69308679386,27782.67212755851,21846.878890416163,20966.388398101775
2014-10-24,18114.515944191415,18166.481562683297,146538.11067654155,27380.22294529629,28362.790116163782,21581.43179153965,20955.905203902723
2014-10-31,18596.819026517867,18650.16824135043,150539.7210024997,28109.227571309293,28771.348467732743,22189.77600324273,21513.86091764754
2014-11-07,18751.744299707225,18805.53795300373,151893.82835112236,28343.39825148944,28991.591508984126,22233.55245559061,21693.087309820934
2014-11-14,18834.740383038123,18888.772129520006,152666.1174264099,28468.84743667262,29043.39399840218,22588.050718230475,21789.101912691694
2014-11-21,19059.763471836184,19114.44074834605,154590.05556409908,28808.971476316397,29310.899563369276,22730.300240630047,22049.42145598336
2014-11-28,19107.716265075152,19162.531105104063,155078.9913964991,28881.452472981047,29588.46340077525,23198.59812118957,22104.89598218512
2014-12-05,19181.48806460821,19236.514535861592,155777.72627964168,28992.95908593796,29548.36002234868,23060.731033571,22190.239407452398
2014-12-12,18525.811141496717,18578.956654023663,150552.80780030854,28001.898635292288,29450.87724599054,22444.628690971276,21431.71494632723
2014-12-19,19149.669341446832,19204.604533439215,155722.6858722788,28944.86485384933,30005.820104549584,22368.201945844296,22153.429693721526
2014-12-26,19327.69464811775,19383.14054628616,157270.36512008857,29213.951403088173,30058.975955019996,22132.978230122728,22359.379522134568
2015-01-02,19048.595459540138,19103.240698060796,155099.32182747338,28792.09094429094,30079.78535433201,21668.35293426966,22036.5016623928
2015-01-09,18939.173656973515,18993.504994108986,154308.377011764,28626.69909177991,30330.480340913196,22306.537086852597,21909.916280321817
2015-01-16,18696.24130097234,18749.87573126414,152429.0669184547,28259.505064159694,30293.289428246655,22667.34516691361,21628.878275276264
2015-01-23,19005.945786828062,19060.46867503984,155054.06459255898,28727.625652974388,30738.117346689472,22936.236628499348,21987.162088479516
2015-01-30,18494.093537158948,18547.148060507294,150978.2780954174,27953.95724504291,30561.653430967744,23533.600375133778,21395.022212618805
2015-02-06,19059.718530136808,19114.395677721157,155695.81111026602,28808.903546610054,30498.841735750473,22333.051496028154,22049.369464862277
2015-02-13,19451.947211479936,19507.74955645179,158999.86486299423,29401.760058691354,30617.381683597872,21838.33773066036,22503.12197416485
2015-02-20,19587.334080863624,19643.524813934,160206.51468587297,29606.39829904024,30587.615945288715,22144.744598637928,22659.745226444884
2015-02-27,19533.550102130037,19589.58654359646,159866.61083048995,29525.10342297799,30826.313263299908,22120.550905656248,22597.524852281855
2015-03-06,19240.54145759416,19295.737336967526,157568.56753057396,29082.21872006856,29998.217623016084,21110.57596738916,22258.555740563093
2015-03-13,19085.683596953877,19140.435231251562,156400.37394435302,28848.149934447916,30166.205651543296,20682.61873002991,22079.40733507133
2015-03-20,19596.681954334766,19652.899503911198,160687.82333663345,29620.52767795894,31106.919604725692,21464.422704059765,22670.559379631355
2015-03-27,19161.736187730494,19216.70599622228,157221.3783298723,28963.103980001586,30650.088545499675,21390.965367983423,22167.389309733873
2015-04-02,19226.924122681878,19282.08093762575,157856.24306671682,29061.636019047583,30707.064372225,21381.21758173731,22242.80243087319
2015-04-10,19562.211670909943,19618.330334620292,160709.00957126103,29568.425593196258,30924.053372247767,21178.275403243606,22630.682189756244
2015-04-17,19367.557935468245,19423.118190563913,159209.87499698895,29274.205052611655,30914.063644467693,20836.289598627394,22405.495646540345
2015-04-24,19712.159650892907,19768.70847456698,162142.65320368455,29795.073058399263,31020.212785965177,21726.650015109586,22804.15056526905
2015-05-01,19625.54576076188,19681.846112747033,161530.2094025559,29664.15553185573,30475.83901094075,21433.797275764282,22703.950677150642
2015-05-08,19709.373265531314,19765.914095823777,162320.16088539176,29790.86141660619,30407.45485184063,21363.026846675213,22800.927115761544
2015-05-15,19785.7404482036,19842.50035516873,163049.09683432968,29906.290970104234,30386.81737214009,21537.96450552922,22889.273028271706
2015-05-22,19836.9627500725,19893.869599887516,163571.206387387,29983.71385290511,30315.051273150453,21712.90216438322,22948.529908532677
2015-05-29,19664.66751007259,19721.080091714095,162250.4979545153,29723.2883412246,30389.716840877234,21630.350917642165,22749.20894805846
2015-06-05,19537.066790106568,19593.113319994136,161297.68176307768,29530.4189224991,29790.621554617686,21482.93034103518,22601.593157507057
2015-06-12,19551.976198876044,19608.065499801516,161520.77358114897,29552.954602577356,29841.76004592871,21374.829045121485,22618.84121192827
2015-06-19,19729.86668044882,19786.466300773787,163090.34411990657,29821.83736269718,30116.971996261025,21648.845304700182,22824.635066978044
2015-06-26,19644.70216012281,19701.05746660655,162486.36009651027,29693.11056918311,29649.482072025367,21526.718207734397,22726.111892514753
2015-07-02,19403.2304093515,19458.892999070642,160589.08543542592,29328.124257018935,29543.947189896982,21266.663606824928,22446.763598904585
2015-07-10,19418.207230670043,19473.91278481535,160813.03974548326,29350.761831656702,29555.5968429659,21207.567091416415,22464.08964000743
2015-07-17,19885.230135207134,19942.275451019763,164780.71774568257,30056.670357514147,30254.09600930773,22377.759343523292,23004.368372582052
2015-07-24,19461.261378676543,19517.090443460318,161367.46315783833,29415.838490330305,30139.235971928632,21887.219780202908,22513.89713401051
2015-07-31,19696.171641338307,19752.67459976224,163415.2748858594,29770.907065368858,30470.732727383343,22054.674161056555,22785.654723941712
2015-08-07,19459.385062727408,19515.208744871143,161550.70306258334,29413.002425090614,30457.75239697898,21731.588978589814,22511.72650470505
2015-08-14,19594.165219169467,19650.37554891734,162769.64022128138,29616.723614403916,30547.103074537037,21770.993782460253,22667.647876850388
2015-08-21,18496.340622127977,18539.576403977357,153749.96032230326,27957.35373035992,29759.725191717604,20151.521554807794,21386.287944734824
2015-08-28,18647.018904725875,18539.576403977357,155102.46645009072,28185.10505329095,29525.63237162161,19508.99407498781,21386.287944734824
2015-09-04,18024.643780855316,18539.576403977357,150025.66487860522,27244.380515043125,28990.72471132162,19602.113999599405,21386.287944734824
2015-09-11,18413.04118232626,18539.576403977357,153358.4376923843,27831.446019658953,29243.601672467583,19376.38614593387,21386.287944734824
2015-09-18,18380.604510798395,18539.576403977357,153188.27931820825,27782.417754108148,29281.10671235454,19364.360074661767,21386.287944734824
2015-09-25,18146.334667352807,18539.576403977357,151335.81936551776,27428.31717738494,29003.47548483853,19275.56057089738,21386.287944734824
2015-10-02,18346.740940315205,18539.576403977357,153107.1567502139,27731.232720381046,29508.538612649165,19795.400467448013,21386.287944734824
2015-10-09,18942.297105080466,18539.576403977357,158177.18992225826,28631.420206370545,29867.210844849855,19433.054437860814,21386.287944734824
2015-10-16,19124.827817114277,18539.576403977357,159801.40818068024,28907.31670866997,30201.092295926603,19675.830423964566,21386.287944734824
2015-10-23,19524.696587352086,18530.306615775367,163242.59342859642,29511.721270829043,30508.80901631741,20523.87034515021,21375.594800762457
2015-10-30,19563.267800845384,18566.91340294748,163665.08063827796,29570.021941295247,30503.366270501014,20623.954974822707,21417.822480302457
2015-11-06,19761.786522433806,18755.321594775065,165425.87590559892,29870.084436625082,30339.3005698227,20889.652084224945,21635.160339257374
2015-11-13,19056.14566503606,18076.241263326745,159618.95768354015,28803.503134956045,29758.643793759584,19988.851013774933,20851.808703302842
2015-11-20,19693.104370355588,18067.203142695085,165054.28028327785,29766.270862911166,30432.04558836802,20833.24612069101,20841.38279895119
2015-11-27,19716.631349981268,18088.787688850796,165351.4675126921,29801.832064180093,30506.423324374966,20802.2947519478,20866.281605115037
2015-12-04,19722.271533253515,18093.962207556702,165498.76832004363,29810.357242325746,30497.70863248618,20953.34767629801,20872.250659887843
2015-12-11,18994.047471917085,17416.81476843833,159487.90096843094,28709.64126322092,30143.78218051245,20140.780072668746,20091.128707666838
2015-12-18,18933.039115008083,17416.81476843833,159075.6302268033,28617.42668686453,30034.05409292917,20054.528534628516,20091.128707666838
2015-12-24,19468.789113322768,17408.10636105411,163677.00837894372,29427.21671614224,30432.252963304352,19868.020868761585,20081.083143313004
2015-12-31,19297.46011985954,17246.207708888523,162336.6200252866,29168.25169314804,30146.67857829992,19664.183624023673,19894.32530604468
2016-01-08,18166.322488152273,17246.207708888523,152921.11597582925,27458.528914279606,29364.43805518889,20117.527168872348,19894.32530604468
2016-01-15,17777.29590289,17246.207708888523,149746.35414104562,26870.51239377502,29214.711099250002,20507.29956480039,19894.32530604468
2016-01-22,18033.811887528926,17246.207708888523,152007.10646740676,27258.238175136466,29429.53425464434,20440.425446590485,19894.32530604468
2016-01-29,18336.707705928507,17246.207708888523,154660.2171022048,27716.067413440673,29910.196245718907,20760.064794609887,19894.32530604468
2016-02-05,17790.542468782394,17246.207708888523,150153.60857108966,26890.5346747187,29532.14605079193,21031.590889982388,19894.32530604468
2016-02-12,17665.604544504666,17246.207708888523,149199.12244675696,26701.690091093835,29662.833678970237,21485.81522664153,19894.32530604468
2016-02-19,18173.89516449788,17246.207708888523,153592.01342933567,27469.975069797874,30130.71126366546,21405.75125106985,19894.32530604468
2016-02-26,18466.38697949088,17246.207708888523,156163.93298041428,27912.078581084395,30366.470638799474,21307.71912256459,19894.32530604468
2016-03-04,18971.846272423125,17246.207708888523,160538.42973137402,28676.083988289025,30719.76179911831,21052.619794457347,19894.32530604468
2016-03-11,19192.397662132822,17237.58460503408,162504.72008976332,29009.449022151985,30815.549234754406,20849.619301939383,19884.37814339166
2016-03-18,19445.093602324407,17464.542576887452,164744.33202108936,29391.400778474544,31223.523055500485,21127.927494252497,20146.18501705723
2016-03-24,19325.21161922698,17356.870994491135,163828.65795797308,29210.19828681291,31154.480693596965,21206.51614354164,20021.980697906823
2016-04-01,19686.74511989324,17681.58103932231,166993.54280311876,29756.658809464076,31639.85386633638,21416.187180717425,20396.549262257486
2016-04-08,19456.50879396705,17474.795091199976,165140.55466240586,29408.65492388487,31546.638910586644,21144.30885661121,20158.01178259207
2016-04-15,19768.572719040247,17755.0742103244,167889.25234103025,29880.341822282408,31837.805486555026,21123.49691531706,20481.327149452645
2016-04-22,19881.792095204517,17856.761795685943,168950.79451632497,30051.473734979154,31607.293694401094,20559.68250571201,20598.628641868632
2016-04-29,19630.61293736702,17631.16611658079,166916.33309155118,29671.814606245563,31468.17209195536,20723.06054485893,20338.393238032986
2016-05-06,19572.581968041977,17579.04580513965,166522.90394410738,29584.100372934194,31542.295897879772,20936.984941425828,20278.269966391767
2016-05-13,19481.237964051157,17497.005508524653,165845.75206770856,29446.03324479839,31630.966492253832,21230.6956129334,20183.63256107848
2016-05-20,19550.69536044369,17559.388425335717,166537.0499186275,29551.018605946676,31494.894739914555,20888.825077274083,20255.59423877181
2016-05-27,20002.61785398894,17965.28102690338,170486.62342378122,30234.102750473925,31902.673297872374,20840.686713061696,20723.810764468762
2016-06-03,20006.426663011436,17968.70189536002,170619.08672404775,30239.859793086227,32265.320609019233,21426.99005923046,20727.756899819466
2016-06-10,19986.450077636815,17950.7599953131,170548.7221302153,30209.665038618154,32396.13337888553,21676.260356094437,20707.060060133488
2016-06-17,19751.303871053307,17739.564255109497,168642.1684455538,29854.239832621322,32247.248165957764,21809.753479540053,20463.435674426022
2016-06-24,19437.59957395272,17457.81184160551,166063.6732302954,29380.073499942373,31956.118214953654,21837.101402397653,20138.420792045672
2016-07-01,20076.468301495916,18031.60954715558,171621.80025900304,30345.728240416935,33061.26085492488,22648.487613657755,20800.32388441025
2016-07-08,20337.557104046806,18266.10553888243,173953.6933214852,30740.365869398465,33604.29287123097,23136.686736556698,21070.82622446807
2016-07-15,20641.688819179348,18539.26037148654,176655.03009132648,31200.063174627012,33418.12894108699,22274.12791764313,21385.923386143997
2016-07-22,20776.547623595317,18660.383333389345,177909.17432636832,31403.903240926404,33588.72357097266,22419.651972709333,21525.644514800253
2016-07-29,20765.065019403606,18650.070272732457,177910.84900938717,31386.547200956567,33844.74341976064,22407.261271694784,21513.747906161854
2016-08-05,20866.44225778112,18741.12188360049,178879.42854588837,31539.77963603275,33627.80703978137,22494.248624174852,21618.780293387164
2016-08-12,20893.22751061188,18765.178964428305,179209.04750347743,31580.26574101131,33856.44639738921,22575.157833737954,21646.531286531917
2016-08-19,20900.87883493141,18772.05097451377,179374.67578148024,31591.830773515678,33731.432808428486,22586.713339140548,21654.458478785098
2016-08-26,20781.32267915449,18664.672032781888,178448.62578379674,31411.120772225015,33581.627663455496,22494.24862417485,21530.5917346352
2016-09-02,20884.62117518052,18757.449214464337,179435.64702618707,31567.257202247227,33732.47340245427,22559.736712037877,21637.614650311745
2016-09-09,20397.812687491176,18320.223879687626,175353.1054692358,30831.44262317365,32957.998632278366,22012.700326583534,21133.254318526506
2016-09-16,20509.908521170935,18420.902359309744,176416.75548637524,31000.876293211888,32991.7596231867,22649.100665267637,21249.391759216614
2016-09-23,20761.75056907429,18647.093410801157,178682.98440642594,31381.53738511399,33437.55750948737,22849.92666703195,21510.313953570527
2016-09-30,20791.55815118839,18673.864986068016,179039.5190234067,31426.591762843906,33533.81594794174,22925.233833725448,21541.19624585787
2016-10-07,20670.440271358,18565.083387358336,178096.5530853907,31243.52120425793,33090.00850668191,22876.96530936933,21415.711469809015
2016-10-14,20485.875947427223,18399.317587543508,176606.34651585994,30964.55088274663,32682.4424304089,22620.139550653963,21224.492692800246
2016-10-21,20568.54620343761,18473.567587850168,177419.03714802983,31089.507577558838,32932.44885731052,22815.15679209961,21310.14361878981
2016-10-28,20430.12576934574,18349.245760753394,176325.05776342517,30880.28408203201,32516.864765003116,22612.408318059017,21166.732446162543
2016-11-04,20046.593306832732,18004.777425544344,173114.9272057257,30300.571968127475,32304.285497492514,21946.19932322009,20769.371749019334
2016-11-11,20803.08569707949,18684.218410954487,179747.7142516232,31444.01573252009,32084.295168026765,22361.370647917407,21553.139416565307
2016-11-18,21003.020082198393,18863.788777284604,181575.2343536277,31746.21801359962,32144.16502013954,22654.888753841384,21760.282421183987
2016-11-25,21293.32098934659,19124.521518236426,184184.94272138676,32185.009951702068,32407.541286355758,22940.675627170418,22061.050106114446
2016-12-02,21116.45293143472,18965.668092736636,182755.0529906097,31917.672592401475,32141.37235178177,22342.063238174964,21877.805083427887
2016-12-09,21772.9725114096,19555.318849453022,188536.9859846246,32910.00672504103,32515.20507054077,23075.848167112457,22557.99542840589
2016-12-16,21759.411353621537,19543.1389431782,188519.5569190947,32889.50893615297,32463.19572746647,23163.703082964057,22543.94532407463
2016-12-23,21824.194813278496,19601.323980113262,189180.82895498472,32987.4296078419,32656.3380110484,23279.919632827045,22611.06454658833
2016-12-30,21613.407007759204,19412.005652340325,187453.63614796862,32668.822302681285,32586.60605282464,22946.794463662678,22392.676802297738
2017-01-06,21969.232912604144,19731.589440015236,190639.72339348614,33206.65575262729,33097.776723590905,23614.967274267703,22761.331983880977
2017-01-13,21953.76173259241,19717.694053983392,190605.47102838353,33183.270951219776,33133.084111745615,23853.188462567436,22745.302991615732
2017-01-20,21923.785619105634,19690.77111285562,190445.21443544322,33137.961837091076,32956.26488931362,23870.635415268323,22714.246091569505
2017-01-27,22139.415892733174,19884.438686365465,192418.32861440975,33463.888568109825,33116.680195056426,24364.504072823765,22937.6508987986
2017-02-03,22175.189485440038,19916.56861310866,192829.24444663126,33517.96061435637,33107.70429227087,24341.26903154913,22974.714305750324
2017-02-10,22385.011044422645,20105.019109945693,194753.79402776546,33835.107430830685,33491.527607373,24670.50791267112,23192.100965556667
2017-02-17,22731.16324847594,20415.914497204183,197865.3831181916,34358.31901148702,33753.44764463889,25141.141528951932,23550.73366178016
2017-02-24,22890.706281276638,20559.207512202087,199354.13929243028,34599.46946899359,34085.23092659754,25228.29360547672,23716.029006853794
2017-03-03,23053.14805368738,20705.104020007704,200868.8374378767,34845.00139255909,33959.22613493591,25375.49710095419,23884.32760538018
2017-03-10,22982.55587938549,20641.701906399827,200353.74712781538,34738.30080632572,33657.81812004874,25447.145368799287,23811.190235443722
2017-03-17,23018.632828563175,20674.104291692667,200768.25313796592,34792.831378090064,33849.1357835178,25558.35935639496,23848.567936361433
2017-03-24,22710.793423231742,20397.61941014847,198183.28135377157,34327.529872088475,33833.151816779515,25352.63415108787,23529.62940399013
2017-03-31,22893.357841540088,20561.58900174713,199876.40999549397,34603.47732166765,33977.31383842128,25692.270919897714,23718.776168926855
2017-04-07,22840.92211378791,20514.49403688831,199518.6062477367,34524.22033679559,33959.048913488194,25612.684702008613,23664.44987488047
2017-04-13,22579.687250714032,20279.866861415332,197336.68367367584,34129.361936268455,34036.59574335467,25307.98318209035,23393.79620809828
2017-04-21,22781.677718579595,20461.283891248597,199201.99284823154,34434.67200141305,34226.99914123625,25727.206168789296,23603.069427375307
2017-04-28,23120.605544457474,20765.6907286026,202265.56292329807,34946.96388177525,34400.64378423549,26392.898370005565,23954.21727100145
2017-05-05,23277.92396313884,20906.985714236456,203741.82871580095,35184.751818818,34450.59063484254,26693.713601881456,24117.20779365786
2017-05-12,23208.00591432766,20844.18906407223,203229.86558938178,35079.070178179725,34399.85424532356,26899.438807188544,24044.768854756927
2017-05-19,23142.941569049573,20785.75175070231,202760.1045252757,34980.724945826165,34604.9786788034,26751.94590728238,23977.35861931176
2017-05-26,23473.12823439795,21082.307745403614,205752.93828969327,35479.80449830527,34875.47562063688,27407.92238839272,24319.450140510628
2017-06-02,23712.02707287973,21296.873898776885,207946.99824969424,35840.90183478148,35360.27573085552,27842.669855516262,24566.962458982503
2017-06-09,23638.221567072138,21230.58574275426,207399.74724328227,35729.344274544805,35156.86369786168,27167.261934194048,24490.49590111006
2017-06-16,23678.332033769213,21266.61081765162,207851.67306947778,35789.97153745315,35413.10619308372,26885.547394611545,24532.05254772364
2017-06-23,23726.150001910042,21309.558357921418,208371.42580656582,35862.24874499878,35616.32295870224,27486.909125679536,24581.594589176697
2017-06-30,23596.35837409922,21192.986462903405,207331.54990834725,35666.06775308921,35202.862222912256,26786.302347316585,24447.12333380412
2017-07-07,23626.61537320713,21220.161680466033,207697.40578412105,35711.801427882536,34988.42368179215,26809.661419060663,24478.471246781814
2017-07-14,23963.28487869114,21522.540215283796,210757.00798659935,36220.67984050116,35357.13474484069,27658.153860482988,24827.279346438954
2017-07-21,24092.09902454044,21638.234188308517,211989.92795575137,36415.383361297834,35741.80522568961,28045.43900130176,24960.737876810028
2017-07-28,24095.031470425016,21640.86795428841,212115.73097902353,36419.81577463652,35539.67451722354,27992.89142575005,24963.77605181455
2017-08-04,24143.82692052737,21684.693416551494,212645.29184428387,36493.57045329503,35733.08712988689,27955.909674112754,25014.33081826911
2017-08-11,23822.763420153227,21396.3313604543,209917.54452972868,36008.280631202935,35619.59705459064,27654.267572440614,24681.691397084312
2017-08-18,23685.16317207505,21272.7461805473,208805.06108715635,35800.296852816806,35517.57499119119,27484.94530991344,24539.12998221693
2017-08-25,23865.705213911275,21434.899381815,210496.69428809884,36073.187465610696,35758.548546901766,27628.96535667535,24726.181454047088
2017-09-01,24185.77999689904,21722.373424861504,213419.76962318816,36556.98283416331,36011.77359518335,28413.251358418835,25057.79650971312
2017-09-08,24062.830742818896,21611.94698379657,212434.8427990588,36371.14414004399,36157.63413609132,28036.47786190013,24930.414329351093
2017-09-15,24438.004049247134,21948.90757230432,215847.00017677175,36938.2213285693,36255.951785118385,27543.337052025276,25319.11448165382
2017-09-22,24462.519746259182,21970.926259538504,216163.53339473135,36975.276983377706,36202.32898059459,27274.9268156162,25344.514090312317
2017-09-29,24638.062024039333,22128.588940265778,217814.7161599867,37240.61041634127,36192.96840818517,27488.493229093332,25526.38553196235
2017-10-06,24946.002548194374,22405.164641326526,220637.0884714755,37706.06476418213,36357.741313752886,27906.151575314645,25845.428828988985
2017-10-13,25002.887504185215,22456.255664913457,221240.2124106076,37792.04678998183,36673.42777105808,28034.66799895649,25904.364767869814
2017-10-20,25214.7202042151,22646.512461024056,223214.6323767927,38112.23346081485,36641.87869442739,28104.594874725448,26123.835080265464
2017-10-27,25273.56012412899,22699.35932859758,223835.51585225016,38201.17042884034,36605.69868764912,28582.725646597442,26184.79646914931
2017-11-03,25346.129733203623,22764.53746830684,224578.22925719334,38310.85992215266,36985.38399935345,28966.392039745162,26259.9825701233
2017-11-10,25310.828028340256,22732.831365974205,224365.44010747204,38257.501137822685,36773.149477108665,29043.870457239966,26223.408064896437
2017-11-17,25288.267295251255,22712.568522726615,224265.4526237361,38223.40042524007,37024.91126485122,29094.888432772346,26200.03390624096
2017-11-24,25533.44673622146,22932.77557718326,226539.79211727437,38593.99093817729,37288.33225134088,29531.455679230243,26454.053273860456
2017-12-01,25935.52888515376,23293.904248150167,230207.17600297494,39201.7410383736,37641.19276435611,29167.41295877253,26870.632464997787
2017-12-08,26038.50155385928,23386.38878916818,231221.17499536712,39357.38497802485,37747.527263757846,29254.049868328275,26977.317805673832
2017-12-15,26269.097413380518,23593.497651127127,233368.85986222784,39705.93230125477,38145.94483126252,29811.89385686839,27216.227781891528
2017-12-22,26367.665795546756,23682.02649764661,234344.51960046007,39854.91912968471,37837.36336455049,29820.73261657615,27318.35003980216
2017-12-29,26303.590167655035,23624.47719732738,233875.04286509738,39758.06835087063,38035.722267203906,29515.64508761564,27251.964169875755
2018-01-05,26950.188867491677,24205.217550364672,239724.19336801107,40735.40700083565,38458.80082541025,30682.942602672054,27921.87593811432
2018-01-12,27393.74096952731,24603.59231417364,243769.62656701315,41405.839237557084,38692.95365942168,31169.936215776925,28381.42027845354
2018-01-19,27639.178825268948,24824.03146295035,246053.71287001585,41776.82034630576,38719.48096164686,31520.50026577352,28635.70737796999
2018-01-26,28247.341136710427,25370.25030864201,251567.78814713587,42696.06211492358,39297.37416518418,32390.28633161894,29265.79693666651
2018-02-02,27150.280548558407,24384.92919149831,241897.48430547173,41037.84703588737,37903.68940014017,31192.68449756448,28129.181909974624
2018-02-09,25775.27802058781,23149.975496536423,229746.7949678468,38959.52068799216,36543.99812862092,29580.08185056454,26704.603767336856
2018-02-16,26919.639747337787,24177.779965309786,240047.01235423845,40689.2317829511,37612.92186274558,31259.005259181245,27890.2253716879
2018-02-23,27077.34017046389,24319.41804689504,241553.25388546707,40927.59712249774,37671.616759502474,31867.276275895365,28053.611671931103
2018-03-02,26522.411301938584,23821.010631137182,236702.80923235873,40088.81809103949,37266.67635625328,31454.179504156764,27478.674884006326
2018-03-09,27487.388235611383,24687.701277554454,245414.8750224735,41547.387763142804,38024.80206500672,32812.863224313944,28478.443989804862
2018-03-16,27135.18013756657,24371.366810360487,242370.26537012437,41015.02265455717,37977.557558020744,32407.34253232486,28113.53705477893
2018-03-23,25536.963424197987,22935.934078147657,228195.0622215062,38599.30643769837,36681.11366871592,30086.476641440648,26457.696755762434
2018-03-29,26041.65870824076,23389.22437629596,232804.95518849505,39362.15703989521,37327.297953359426,30393.96927508354,26980.588791023532
2018-04-06,25702.225288244852,23084.363441359215,229870.5178273058,38849.10095033669,36969.08774103642,29729.63927673083,26628.917124120748
2018-04-13,26239.581952312394,23566.98844335251,234776.4228896839,39661.31946661604,37408.413686518856,30629.328810793897,27185.648143052906
2018-04-20,26384.069515820633,23696.75944144217,236169.2130482375,39879.71347249876,37230.02024964209,30805.843451941924,27335.345194999874
2018-04-27,26379.114693463936,23692.30928513132,236224.8614179451,39872.22422237479,37279.88536374739,30765.978841831395,27330.211726888785
2018-05-04,26325.679012900546,23644.316216164418,235846.34512266592,39791.45580153667,37280.14477230686,31293.658809146607,27274.849426806377
2018-05-11,27001.579700733255,24251.37404688583,242001.60040451924,40813.0846200353,37884.510348384465,32164.867895262436,27975.119664055648
2018-05-18,26851.159832906797,24116.274970492028,240753.46266035418,40585.723892915725,37501.1571042049,31785.26220622605,27819.276418996087
2018-05-25,26932.313306563094,24189.16267805047,241581.10272920982,40708.387960138956,37877.588495996875,32214.212626329365,27903.35587515572
2018-06-01,27075.800917260112,24318.035572032037,242968.1772862891,40925.270530055604,38120.37991698941,32787.44928483675,28052.01692106666
2018-06-08,27530.037908323455,24726.006931422908,247144.33127013355,41611.85305445935,38406.509689142884,33110.11412051768,28522.63139331891
2018-06-15,27548.407827945222,24742.505810262453,247409.24283020938,41639.61932192577,38531.1222259218,33592.217354101704,28541.66363903689
2018-06-22,27310.823534170322,24529.120310604307,245375.52422845518,41280.508929359996,38350.94401585928,33348.480037081026,28295.51326108428
2018-06-29,26966.884708811518,24220.212861652482,242385.387840977,40760.6428867409,38212.62875875877,32650.398403018855,27939.173746760756
2018-07-06,27378.41585003856,24589.828111887928,246184.33699109382,41382.675207695174,38726.77284763218,33403.63710446373,28365.54261291266
2018-07-13,27792.946849699252,24962.137674447633,250011.76373019707,42009.24183654764,39074.80512970296,34164.512013275154,28795.01949717264
2018-07-20,27801.890247875963,24970.170156133427,250192.21416836017,42022.75984810927,38832.71809389846,34046.5616711432,28804.28534891057
2018-07-27,27974.85961336658,25125.521984717427,251848.7841767142,42284.20430538488,38810.4623461809,33785.96857880682,28983.491112108357
2018-08-03,28191.568487779252,25320.15829973712,253899.74540745642,42611.76134935578,38994.5621183189,34253.901737303786,29208.01340899429
2018-08-10,28147.8289788572,25280.873813301423,253605.81733692816,42545.648762660494,39146.64937082782,34337.59938025077,29162.696875306145
2018-08-17,28336.696470503663,25450.504488098242,255407.4723606017,42831.123353553834,39345.78118937642,34212.052915830296,29358.373970425004
2018-08-24,28580.235539446483,25669.238248175334,257702.56585304486,43199.23443220965,39719.090909317456,34710.41064855943,29610.693822524732
2018-08-31,28858.58195455947,25919.23410405971,260312.36271149316,43619.95706842569,39783.59799263411,35503.61417280992,29899.07599709193
2018-09-07,28589.19017304804,25677.280820918528,257982.37459736058,43212.76942619787,39350.381323425456,34449.81755622304,29619.971314779923
2018-09-14,28915.242202053414,25970.123306498754,261024.5942326825,43705.5994456937,39543.02061192206,34997.64027525323,29957.779125627585
2018-09-21,29157.05101557008,26187.30304373713,263307.45844626985,44071.095230655425,39547.9628439729,34944.38724907742,30208.30633806947
2018-09-28,29030.236775343215,26073.405278928585,262262.2419677207,43879.41458179087,39467.73357846575,35403.401477710555,30076.919819770454
2018-10-05,28740.6549353851,25813.31836564999,259746.1288726646,43441.709518989854,38696.23985947383,34328.660407847914,29776.897127944547
2018-10-12,27555.362555924356,24748.752174789486,249133.9475448777,41650.13144398187,37934.53130644006,33217.722512515385,28548.86911922004
2018-10-19,27585.316198561446,24775.654933802474,249504.7648574201,41695.4065932574,37858.51800878564,32969.99673022976,28579.902738231754
2018-10-26,26494.88451106804,23783.899713054456,239741.98497036882,40047.21114590631,37131.068803232134,31758.06448077609,27435.865665353384
2018-11-02,27149.943485813055,23783.899713054456,245769.36083088335,41037.33756308981,37330.741460261495,32276.384582369017,27435.865665353384
2018-11-09,27736.095599982946,23772.00776319793,251175.38404689782,41923.310758027685,37994.29694576664,32651.893696684983,27422.14773252071
2018-11-16,27333.67638830529,23415.216955048676,247631.1148065998,41315.05118503382,37844.54762857425,32178.151843804637,27010.572473580185
2018-11-23,26287.186447381155,23415.216955048676,238250.37511306148,39733.27400805655,37033.26516990337,30914.009438645884,27010.572473580185
2018-11-30,27525.39767786241,23403.50934657115,249572.73589031212,41604.83931227974,38104.34571159221,30934.117895904994,26997.067187343397
2018-12-07,26319.13999564067,22366.18524592339,238735.5994513023,39781.5720292642,37545.51302988601,29547.5442413386,25800.464232396334
2018-12-14,26009.58157030793,22366.18524592339,236027.6575409947,39313.67221199511,37289.43348334838,29565.015971030545,25800.464232396334
2018-12-21,24178.757856370838,22366.18524592339,219513.58663012763,36546.36881754768,36032.359574358656,30194.968891590073,25800.464232396334
2018-12-28,24886.937919783577,22366.18524592339,226042.99655362876,37616.78814762492,36704.97536216299,30277.505593145564,25800.464232396334
2019-01-04,25353.03951948337,22366.18524592339,230376.50260544507,38321.304114502396,37246.01095862775,30542.65005019105,25800.464232396334
2019-01-11,26015.019515932974,22366.18524592339,236491.74335240276,39321.89170646224,37685.53564579538,30247.478014696502,25800.464232396334
2019-01-18,26766.399787875198,22366.18524592339,243422.229499968,40457.608466758684,38167.83380435375,29904.806671060964,25800.464232396334
2019-01-25,26698.08840481687,22366.18524592339,242900.98386005877,40354.35531312206,38233.257549223395,30147.438272105537,25800.464232396334
2019-02-01,27128.023171940218,22366.18524592339,246912.55896410497,41004.20484882251,38692.11421316947,30323.75244754521,25800.464232396334
2019-02-08,27169.212239422428,22366.18524592339,247387.45167150642,41066.46242468301,38905.21388769891,30672.21638973453,25800.464232396334
2019-02-15,27862.325598117863,22355.002153300426,253798.54917467004,42114.108320709805,39453.64879981885,30579.440878843438,25787.564000280137
2019-02-22,28040.12619629188,22497.65832681477,255518.1388137346,42382.855221416954,39551.676039125035,30476.67704936502,25952.124718248717
2019-03-01,28168.704398219426,22600.821502151146,256789.81909143922,42577.20211125535,39314.75692412997,29810.65346105438,26071.1283742634
2019-03-08,27570.01354992238,22120.469093817155,251432.07022047532,41672.276528248636,39199.05701037736,30541.71070988503,25517.018900792707
2019-03-15,28381.97523262949,22771.936793503395,258936.97070966367,42899.56253269125,39914.937414635075,30586.924289948052,26268.518045573324
2019-03-22,28174.13110841962,22605.175557873576,257140.74863697172,42585.404623295886,40147.407678615076,31368.267556494222,26076.15098575021
2019-03-29,28500.01460605232,22866.644266422303,260215.03473748133,43077.979906392946,40629.243047747565,31765.201458474105,26377.767644497682
2019-04-05,29114.44628455738,23359.626140733773,265925.0094261276,44006.6978690452,40880.68886875122,31229.4330592647,26946.445810914596
2019-04-12,29274.865680495997,23488.336715484977,267490.2452393101,44249.172955825394,40836.541884849576,30887.012206377425,27094.919613831204
2019-04-18,29260.74275146568,23477.005353076915,267461.20123989275,44227.82604560808,40855.33917857162,30944.9068805717,27081.848345427636
2019-04-26,29602.77155460081,23751.428053495474,270687.55504854926,44744.805075707736,41262.88190289233,31143.09838567257,27398.408053256986
2019-05-03,29665.319164713594,23801.61237690491,271359.4899980971,44839.34624450626,41329.64831920231,31218.23569588752,27456.298070124667
2019-05-10,29067.032791710975,23321.584494463274,265986.74641663197,43935.03202885662,40975.24087779721,30188.942952836987,26902.56295278964
2019-05-17,28839.009844479275,23138.6330226482,264000.15291129873,43590.37368131465,40945.28842222277,30489.009520012718,26691.51968130956
2019-05-24,28530.282840585074,22890.929620700193,261273.98180918937,43123.73056361285,40914.99503558507,30922.20209722548,26405.781961983135
2019-05-31,27772.588259879893,22283.002478238235,254435.1834382712,41978.469679575646,40781.75510363858,31902.283410911146,25704.508932070654
2019-06-07,29021.630439911853,23285.15646304644,265978.13118317624,43866.406043026764,41904.25976820159,31945.37743852295,26860.54147656146
2019-06-14,29184.06097689774,23415.480652651302,267566.7784445366,44111.92098416566,42009.35287253137,31845.532690749726,27010.876661374838
2019-06-21,29806.728221814272,23915.07023471544,273375.5476558241,45053.08706550469,42543.30553757678,32879.502498974085,27587.177134665115
2019-06-28,29705.35098343676,23833.731425639933,272545.755635209,44899.85463042851,42635.16680390461,32632.326620867636,27493.348928773776
2019-07-05,30258.897894706115,24277.863138543864,277724.5328998022,45736.5448234168,43096.51386370957,33385.49937483195,28005.67609799184
2019-07-12,30480.932360495368,24456.009824230467,279862.4266298897,46072.15153758898,42998.57798248433,33818.869399487194,28211.176818907803
2019-07-19,30128.117549508923,24172.933100015776,276723.0372311059,45538.869377967756,42894.10977482332,33378.50865253724,27884.634280794104
2019-07-26,30618.81349419468,24566.63709509101,281330.0188554073,46280.55987663974,43284.61437005884,34126.424675376555,28338.790666042747
2019-08-02,29666.82471164284,23802.82033439312,272683.01034718327,44841.62188966864,43175.967408628676,32704.795021782393,27457.691506851857
2019-08-09,29565.43623784048,23721.47251070949,271851.09685392416,44688.37247216587,43535.29986321224,33552.916473962934,27363.852902178973
2019-08-16,29284.60679383672,23496.152380725856,269368.8994607537,44263.896719674565,44043.17650936661,35009.53263217357,27103.935357431765
2019-08-23,28879.075369476966,23170.779115207573,265738.69559475785,43650.93301451666,43656.738370483465,34968.80672489738,26728.601736303302
2019-08-30,29649.589569930427,23788.991925535553,272928.79234979977,44815.57084728731,44513.53351664214,35285.038370655886,27441.73977595999
2019-09-06,30217.33805820402,24244.518103104394,278254.9999132287,45673.72682747902,44875.98481601817,34989.81987444264,27967.21100505246
2019-09-13,30525.536997130494,24491.79781847071,281193.03599566116,46139.57177113132,44011.708080956756,32769.814612499096,28252.45998164621
2019-09-20,30380.925843948964,24375.770797345715,279960.9169503592,45920.990958556176,44576.3958135021,34053.80375735688,28118.617264365104
2019-09-27,30087.59137209257,24140.41740852343,277357.8331754972,45477.613765275775,44423.72698266081,34255.423597297486,27847.125875756967
2019-10-04,29980.641362991882,24054.607353819923,276471.93096699467,45315.95804661345,44766.57066819493,35098.99367812787,27748.139874218712
2019-10-11,30177.21635608209,24212.326937504404,278384.682977916,45613.082582144074,44261.93221449528,33764.64390482405,27930.076956150988
2019-10-18,30349.354300134168,24350.43974852578,280072.6547251428,45873.270339852395,44305.00296413291,33557.881606344934,28089.39668822028
2019-10-25,30719.078425512518,24647.08345796253,283584.5763194743,46432.111051484,44494.25888881008,33303.03436509488,28431.589392561007
2019-11-01,31181.49480586311,25018.09768439728,287953.394266695,47131.0567824416,45189.804069232625,33852.568124088684,28859.572044657867
2019-11-08,31466.683594706785,25246.915482331857,290687.04221287696,47562.121716447895,44711.192449260205,32491.796753466355,29123.52431664501
2019-11-15,31756.97326643014,25479.82591235335,293468.7180813947,48000.89667212376,45336.49252780887,33145.70495416534,29392.19763545412
2019-11-22,31672.43792989546,25412.000000851174,292787.5203067429,47873.12089449845,45545.78996305286,32969.29575485581,29313.957203100526
2019-11-29,32013.646547016902,25685.764634876905,296041.73360523937,48388.8602074574,45907.91420685232,33503.44442021686,29629.757799877007
2019-12-06,32070.67756353072,25731.522785698948,296669.119980085,48475.0630048027,45717.74631985553,33487.11464974024,29682.542015005503
2019-12-13,32320.22758476567,25931.7462466738,299077.57713831397,48852.259681681455,46022.38492630333,33844.854115791764,29913.5093519281
2019-12-20,32827.4508393986,26338.71073029498,303871.20442376443,49618.93132985993,46168.16037063944,34583.201537728084,30382.962344831198
2019-12-27,33045.4630230933,26513.63018627428,305989.2601406846,49948.45833531469,46442.6704272131,34968.96895185523,30584.74030195362
2020-01-03,32999.40901665316,26476.679307586423,305662.81638508383,49878.8473687429,46647.34042199803,35062.281926007374,30542.11569639576
2020-01-10,33337.168358347146,26747.676456919013,308891.37155376753,50389.37307674027,46842.60578907325,35758.025504635545,30854.723867237553
2020-01-17,33975.84608366797,27260.111855555533,314909.15186535753,51354.739115962875,47324.21168447604,36568.366951154945,31445.842604231166
2020-01-24,33650.3670613297,26998.96767289916,311992.4110129854,50862.77520022288,47609.04288170354,36457.03844294204,31144.600301619364
2020-01-31,32929.80555973764,26420.83381027701,305411.66010898724,49773.641236049,47509.37270546206,35862.79826557681,30477.69524471706
2020-02-07,34001.44038146515,27280.6471328551,315450.6732422615,51393.425083723436,48276.83423874276,37521.12987866128,31469.5310285934
2020-02-14,34554.13340044628,27724.093735541843,320678.3202765599,52228.82461229127,48763.7257943104,38411.672804789545,31981.06789041396
2020-02-21,34132.44543515924,27385.757463545608,316864.861159471,51591.440177704186,48877.612742938305,37696.27901226145,31590.780821422064
2020-02-28,30322.8948746239,24315.51746766912,281599.3110485906,45833.27672524479,46564.565880340415,33690.427954735955,28049.112167268268
2020-03-06,30445.720539030746,24315.51746766912,282839.9548630767,46018.92861267167,48081.88385691811,34020.16431643984,28049.112167268268
2020-03-13,27565.51937998432,24315.51746766912,256182.96073061967,41665.48355761464,43873.09232763884,31402.897622056866,28049.112167268268
2020-03-20,23562.0678574719,24315.51746766912,219076.47642532297,35614.237387151836,40675.84606311926,32522.845920100877,28049.112167268268
2020-03-27,26097.46506344645,24315.51746766912,242750.2089849367,39446.50875274273,44145.98190386687,34209.88151869344,28049.112167268268
2020-04-03,25558.872502645947,24315.51746766912,237840.39456908448,38632.42216953903,43708.85860451609,34422.05737768996,28049.112167268268
2020-04-09,28649.33340224394,24315.51746766912,266698.9573611099,43303.67635570718,46557.20594292535,33786.723616341216,28049.112167268268
2020-04-17,29518.494632837555,24315.51746766912,274890.0494198124,44617.41989389387,47677.16345229262,34281.0876474365,28049.112167268268
2020-04-24,29140.557411897422,24315.51746766912,271470.5209806403,44046.16502842866,47655.25683710048,34900.08105720153,28049.112167268268
2020-05-01,29122.01896090297,24315.51746766912,271397.81862362975,44018.14402456345,47338.72608060617,34353.860659208134,28049.112167268268
2020-05-08,30115.781053028957,24315.51746766912,280759.0193802096,45520.222673577446,47860.35680394119,33541.792440699704,28049.112167268268
2020-05-15,29481.417730848654,24315.51746766912,274945.06935007416,44561.377886163464,47574.20205413981,34100.22457785231,28049.112167268268
2020-05-22,30424.732765420056,24315.51746766912,283842.4691212464,45987.20543981095,48355.12991746786,33862.95371923939,28049.112167268268
2020-05-29,31339.195228989192,24303.359708935284,292473.7941317055,47369.42212198824,48998.16117394707,33462.030633197435,28035.087611184637
2020-06-05,32885.97616741682,25502.879137014217,307009.16448652744,49707.39278994104,49577.24185119567,31939.905369621218,29418.79063250589
2020-06-12,31327.869920745317,24294.576999677618,292563.36251499265,47352.30383599059,48954.20723955108,31400.27612905909,28024.95633606666
2020-06-19,31924.77433649198,24757.472827785037,298237.707767724,48254.52921317027,49524.72666079133,31417.708536231487,28558.928809472145
2020-06-26,31036.25446889023,24068.430949297803,290037.25352405134,46911.524953977685,49046.603313819614,31971.034754188982,27764.086052646933
2020-07-02,32296.116363048037,25045.44636317719,301910.80319536914,48815.81539423013,50066.867166087955,31686.97109499554,28891.12005344461
2020-07-10,32850.53963745532,25475.398318563137,307193.66711017786,49653.83021649205,50918.004937315796,32186.032790250654,29387.09019428952
2020-07-17,33277.73296091645,25806.684202883735,311288.4594346664,50299.53604010578,51370.39370689428,31599.058707002026,29769.24430394795
2020-07-24,33190.8381851643,25739.29782054363,310575.6233887561,50168.193952897615,51654.59681369249,32159.874792583425,29691.5108895011
2020-07-31,33774.226384822294,26191.71190337628,316134.5440937901,51049.9894708956,52352.72180689728,32366.436336288618,30213.39216849496
2020-08-07,34606.894955518954,26837.44143293506,324028.5138498734,52308.574087534296,53013.2603298086,33058.11221590525,30958.272059634197
2020-08-14,34841.69286393227,27019.525815937846,326326.95486620883,52663.47283830701,52392.73571122612,33142.14748522401,31168.315102705106
2020-08-21,35114.76986479291,27231.29540771135,328984.5913875702,53076.230716454695,53026.97994073428,34324.571672590595,31412.601453640043
2020-08-28,36262.91792971568,28121.67741072861,339841.40464436915,54811.66488917277,53418.94675089715,35622.68946121602,32439.699672197596
2020-09-04,35434.39523078686,27479.16298009451,332176.8249067583,53559.34678794391,52925.5886642027,34532.80501336652,31698.528551414045
2020-09-11,34554.144635871126,26796.53387344621,324024.9880731682,52228.841594717866,52363.086194867974,32933.9141444481,30911.083233563866
2020-09-18,34339.95249662376,26630.42914200946,322116.4415993265,51905.088614301996,52052.444281548196,32497.952794563313,30719.4734827215
2020-09-25,34140.54617647258,26475.790725436895,320345.96567814314,51603.68450727195,52068.39342463492,33117.075701419744,30541.090674394272
2020-10-02,34671.251469031806,26887.34952681198,325425.65459573135,52405.849427013,52276.32772659149,33452.43446837983,31015.84343252683
2020-10-09,36022.412425481045,27935.166821076116,338207.7015391314,54448.139065694886,53156.91682683503,34842.67560554824,32224.550788095014
2020-10-16,36068.10689832615,27970.60261328936,338736.7184092801,54517.206594615964,53370.035963403585,35184.14144012847,32265.427668952965
2020-10-23,35911.28283833797,27848.98648648522,337363.89180383156,54280.165884342954,52783.712210752725,34724.38271517835,32125.137650999874
2020-10-30,33913.09623590797,26299.404647845335,318692.1867722756,51259.892263485825,50962.72260157139,32851.21637340978,30337.62089910825
2020-11-06,36366.17148404233,28201.74992866312,341844.5176389901,54967.73338948864,53434.59915781801,35928.04284222414,32532.067150703755
2020-11-13,37190.795490549885,28841.240946487287,349696.04011811066,56214.1585886925,53994.00334198737,35479.26169750034,33269.75062023141
2020-11-20,36903.11243739059,28618.144447933057,347091.0260636397,55779.323555984345,54200.85869711344,35412.19751485331,33012.3981406721
2020-11-27,37769.27380955056,29289.84744604057,355337.67873175145,57088.53278627285,54790.9879711405,36464.63201085024,33787.23966983385
2020-12-04,38411.09745382803,29787.57786900134,361476.02951028926,58058.65390493926,54684.93709986388,37258.53818356307,34361.395514193384
2020-12-11,38042.406987535425,29501.66060284015,358106.38727905776,57501.375576553466,54873.143890394625,36810.968358036655,34031.57627510965
2020-12-18,38505.60984762517,29860.871668877848,362566.67664924444,58201.51007737202,54959.30674710053,37812.19938212735,34445.94341726125
2020-12-24,38486.835452708976,29846.312237162005,362489.8979928928,58173.13244254853,55078.23130962818,37819.82059874424,34429.14841654484
2020-12-31,38995.82266904259,30241.028799454678,367383.81575615413,58942.470331700846,55576.906278752955,38330.49258370958,34884.472846499775
2021-01-08,39765.550389756885,30837.94807379374,374735.50293119607,60105.919394610544,55331.68194602481,38976.7944650574,35573.04777413613
2021-01-15,39185.64517180088,30388.23502257804,369370.69554457074,59229.38842885392,54920.654437278834,38100.80879881326,35054.28226427578
2021-01-22,39934.51994400264,30968.982959236313,376529.7191811907,60361.31810802191,55559.090243117695,39757.47706986542,35724.2027805838
2021-01-29,38598.43692769555,29932.85851797197,364032.2229889666,58341.81888581704,54461.35488625341,38430.678775660184,34528.98369010324
2021-02-05,40438.29392320812,31359.656687108778,381484.40834592504,61122.77615123879,55474.51071328112,40483.18344818365,36174.86360770665
2021-02-12,40952.49437666986,31758.416083821645,386435.242462037,61899.99388632652,55759.83434365659,41105.04444114252,36634.85164049366
2021-02-19,40680.27126809746,31547.308680444552,383966.4953181542,61488.52667259929,54955.24475638971,40441.6452940399,36391.32915553984
2021-02-26,39671.68965060075,30765.15962821974,374546.8550394468,59964.0482029197,54114.73205947345,38338.92009728515,35489.082821422264
2021-03-05,40012.752207199206,31029.651614554918,377866.88194202486,60479.566744333046,53782.71110864482,38668.52466469247,35794.18697566958
2021-03-12,41100.599746978216,31873.270918578204,388240.1457194324,62123.85623356958,54218.65282829976,39719.82598996851,36767.34218474481
2021-03-19,40756.17779835108,31606.17374368346,385086.7034741327,61603.25994660734,53737.24808615187,39386.97488923483,36459.232820913894
2021-03-26,41436.35918304978,32133.65036645146,391613.4299570241,62631.35906963483,54580.014784018305,40044.305595068014,37067.70232921467
2021-04-01,41920.85317322104,32509.372577373375,396292.3639421832,63363.67526883191,55128.275505449914,40512.52302014835,37501.115866553344
2021-04-09,43059.36124362671,33392.27882191536,407155.07558652846,65084.53851954008,56026.59672488437,41612.78293662348,38519.59044021881
2021-04-16,43663.15297480344,33860.51572222016,412964.33045807324,65997.17412421637,56783.17515929515,42196.29029768784,39059.724095814105
2021-04-23,43608.728576853675,33818.30992495413,412549.5867089703,65914.91124983878,56871.190716514415,42143.694286206715,39011.037690386045
2021-04-30,43667.332552845815,33863.75696016049,413203.99512361723,66003.49158690598,56686.403221247834,42200.32946289655,39063.46301877431
2021-05-07,44171.71324499292,34254.90119031462,418076.7189167681,66765.86668115844,57209.13822206068,42687.76549663121,39514.66659277847
2021-05-14,43591.98779383444,33805.327547182365,412689.72969476064,65889.60743422716,56405.261439094385,42127.515909429894,38996.061896808875
2021-05-21,43420.37791475008,33672.24510551405,411165.08172166935,65630.21785056833,56369.13728836829,41961.67126051108,38842.54493634065
2021-05-28,43954.04935946843,34086.10414026615,416318.63200653676,66436.86613092781,56910.95308823572,42477.41402461967,39319.95112367078
2021-06-04,44221.93559405062,34293.848323629885,418955.9643420071,66841.77812799325,57392.309350639676,42736.300626961645,39559.593973509975
2021-06-11,44400.882205558846,34432.62035770422,420751.2938019924,67112.25723621207,57927.11766400763,42909.23553093769,39719.67415089491
2021-06-18,43562.258859694266,33782.272935380985,412904.33778991335,65844.67193348333,57827.50691670387,42098.78571818732,38969.46729962419
2021-06-25,44789.58296350061,34734.05548615499,424637.5142963924,67699.78126634567,58214.58040069166,43284.877895347476,40067.39398619403
2021-07-02,45536.06459021036,35312.94755270227,431814.6979060784,68828.09368865108,59324.49342399247,44006.28148799943,40735.173667581286
2021-07-09,45725.04443610527,35459.50030043444,433706.7780034655,69113.73810381028,59715.99444938411,44188.91256007056,40904.229270244345
2021-07-16,45286.18874165489,35119.17031669969,429644.18632978195,68450.40452140135,59645.97553422068,43764.80021315627,40511.64235942275
2021-07-23,46189.10118848324,35819.37355486854,438310.3981114277,69815.16326904927,60406.17985695888,44637.37933591798,41319.36027837706
2021-07-30,46038.9622062779,35702.94166616789,436985.65774261375,69588.22710259432,60454.333944345526,44492.28426956326,41185.05052698667
2021-08-06,46456.818891692754,36026.98704315405,441051.80662538024,70219.82052971594,60530.968898661245,44896.10306869509,41558.85236519367
2021-08-13,46816.936728828536,36306.25628633547,444570.69380827254,70764.1412666174,60938.65969844733,45244.12275490341,41881.00279186171
2021-08-20,46548.16289568358,36097.82377555967,442118.43435202364,70357.88765785175,61056.91998316021,44984.378372853134,41640.56592343688
2021-08-27,47271.544488911764,36658.80190338297,449089.1746249287,71451.28421109845,61449.41707676904,45638.473598774435,42287.68101986129
2021-09-03,47568.665298940956,36889.21732631859,452011.88204400183,71900.38448213798,61501.65223713172,46309.62394444336,42553.476228685584
2021-09-10,46766.53461297333,36267.16974493675,444489.79303370655,70687.95810095723,60915.918891187,45705.22349714194,41835.91459723946
2021-09-17,46492.32283420333,36054.520139636435,441983.5632199827,70273.48499772444,60828.04275608566,45370.248548196876,41590.61310861909
2021-09-24,46756.692380809,36259.537152367586,444596.81674427557,70673.0814952688,60666.94068151784,45360.845040596214,41827.110036720274
2021-10-01,45738.16741232437,35469.67709052667,435011.93666176806,69133.57357806152,59646.58919177252,43763.074056330646,40915.96868426996
2021-10-08,46119.45278986836,35765.36163553492,438738.3104298943,69709.88920664907,59375.3321108682,43882.155975055604,41257.05494657517
2021-10-15,46963.143312338085,36419.63862321054,446864.41074033413,70985.13358376763,60554.33833283949,44827.44607754559,42011.79473939172
2021-10-22,47726.781432786345,37011.83544872258,454230.59172067145,72139.37817146828,60994.818815377075,45454.40493935712,42694.92209647854
2021-10-29,48372.44759236083,37512.5457194672,460475.59695490374,73115.30728002674,62092.53964822257,46913.66175647828,43272.515337753095
2021-11-05,49349.907083036545,38270.559747243846,469880.4029936873,74592.74442806594,63148.38704568014,48431.24032818657,44146.92076703258
2021-11-12,49217.183009341155,38167.63301662791,468716.683466718,74392.13102281772,62713.199039003404,47957.37607216621,44028.18986130971
2021-11-19,49387.81540646398,38299.95742684244,470441.6901489617,74650.04313536364,63019.006978794445,49086.147114848485,44180.832396246915
2021-11-26,48342.95460214239,37489.67408077535,460588.9097169866,73070.72841024121,62587.77040004472,47532.11744652325,43246.13180880003
2021-12-03,47758.37544745081,37036.336419389816,455119.3147735542,72187.13275502522,62800.00978249345,46551.576695195115,42723.185137779874
2021-12-10,49582.68261497773,38451.07578930776,472604.2743799567,74944.58634205336,63345.86424358403,48359.55108739583,44355.15465383241
2021-12-17,48609.80717763882,37696.61666765922,463431.1760747281,73474.07802406083,62964.28748651536,46767.85737001048,43484.84997876735
2021-12-23,49744.00084490396,38576.177118198284,474344.23491276,75188.42002296037,63460.02772874341,48289.36240632861,44499.46501905454
2021-12-31,50204.866736625925,38933.57587915107,478838.91718787164,75885.02217904925,63756.39899446351,48402.50460948133,44911.74158062625
2022-01-07,49267.28176872553,38206.4843068858,469996.51379187725,74467.8556629601,62021.4776557886,46165.435710816455,44073.00668249131
2022-01-14,49122.46837789678,38094.18238265751,468715.0332961724,74248.96916670642,61884.19529363831,46029.73970640214,43943.46104261472
2022-01-21,46295.96131418518,35883.195856286075,441845.1680547186,69976.68312829894,60014.23278287532,43381.18826513349,41392.98235504534
2022-01-28,46715.6044321504,35865.254258357934,445950.21036763274,70610.97676124757,60257.05318100697,43774.41083979982,41372.285863867815
2022-02-04,47429.09885151487,36413.02965532605,452861.2746849927,71689.42877909949,60148.172746766235,44442.98396916022,42004.17097889602
2022-02-11,46558.106246671516,35726.13070657671,444644.8859948885,70372.91710537947,59353.900086574846,43582.3856857725,41211.80019399841
2022-02-18,45899.57552564936,35726.13070657671,438455.7058503683,69377.54311838122,58846.74950165136,43576.07123368293,41211.80019399841
2022-02-25,46271.647854820345,35726.13070657671,442109.9268610373,69939.93315716909,58901.38604302094,43147.36103678575,41211.80019399841
2022-03-04,45681.821756726094,35726.13070657671,436574.33821921167,69048.40670873791,59062.55790212912,44267.52241930079,41211.80019399841
2022-03-11,44402.8146986322,35726.13070657671,424451.0590571274,67115.1782135847,57172.47138104891,42585.07589184016,41211.80019399841
2022-03-18,47131.652214165166,35708.26764122343,450636.2967008227,71239.836017689,59031.45337871303,42078.47199642016,41191.194293901404
2022-03-25,47997.90346972389,36364.563998870326,459018.7192232418,72549.18110739018,58836.60488461427,42851.84885648144,41948.26352654612
2022-04-01,48022.2843416378,36383.03563435792,459351.88100303756,72586.03297307956,59571.891833196154,42873.61575383985,41969.57144139487
2022-04-08,47455.0302120574,35953.267923529434,454025.87399396306,71728.6242196576,57842.87174093658,42367.17929585315,41473.81383545757
2022-04-14,46418.07914682676,35149.667946684334,444204.8474647104,70161.26512285096,56276.40784344021,41399.03688250235,40546.82283400704
2022-04-22,45172.25029830051,35149.667946684334,432382.69937503507,68278.18573340317,55228.46192760227,41138.44794160492,40546.82283400704
2022-04-29,43683.61268344638,35149.667946684334,418233.6605060094,66028.09912302758,54037.01976308889,40953.308636526344,40546.82283400704
2022-05-06,43613.63845751098,35149.667946684334,417663.71645018895,65922.33257025639,52974.850088433595,39039.22998605652,40546.82283400704
2022-05-13,42593.641648371624,35149.667946684334,407995.7706162841,64380.59995516648,52662.11525723485,39832.585743144155,40546.82283400704
2022-05-20,41311.75832151739,35149.667946684334,395816.87274468003,62443.023958807506,52170.672041914426,40701.472177549906,40546.82283400704
2022-05-27,44029.25929338163,35149.667946684334,421953.8360710192,66550.54649448759,54330.12133231978,40897.22791903264,40546.82283400704
2022-06-03,43528.810999930305,35149.667946684334,417257.79633367294,65794.11524953986,53440.78953661575,39920.880456597035,40546.82283400704
2022-06-10,41329.7911783938,35149.667946684334,396278.4664886685,62470.280753476385,51404.557838037756,39143.28727111709,40546.82283400704
2022-06-17,38958.66711907975,35149.667946684334,373643.6454482328,58886.309446984334,49329.66063045702,38561.85503461622,40546.82283400704
2022-06-24,41537.73642142728,35149.667946684334,398478.9079008032,62784.591504711,51373.530899571335,38726.97708937551,40546.82283400704
2022-07-01,40596.41005705347,35149.667946684334,389548.59633427265,61361.76984056906,51311.604455577406,39926.71544454436,40546.82283400704
2022-07-08,41387.5862037971,35149.667946684334,397240.4389869604,62557.63835582947,51323.26241881449,38782.2068711269,40546.82283400704
2022-07-15,41010.63770024334,35149.667946684334,393722.4655132275,61987.87794390373,51707.02798561876,40037.0129250486,40546.82283400704
2022-07-22,42071.228099348096,35149.667946684334,404004.65945732954,63590.96806624513,52938.53933979947,40867.80985479822,40546.82283400704
2022-07-29,43870.82856764061,35149.667946684334,421385.9941650994,66311.07729721293,54097.16376766615,40481.72815228374,40546.82283400704
2022-08-05,44028.4278719431,35149.667946684334,422999.75950055104,66549.2897949203,54074.94811610261,40222.03066787827,40546.82283400704
2022-08-12,45479.82005343566,35149.667946684334,437043.8990800512,68743.0796611667,54973.63262309441,39904.30746999665,40546.82283400704
2022-08-19,44951.65396689143,35149.667946684334,432068.42240591464,67944.75276983385,54112.91576591277,39037.48759382225,40546.82283400704
2022-08-26,43159.502585271235,35149.667946684334,414942.5374420479,65235.90288769189,52929.557699232566,39237.82218001363,40546.82283400704
2022-09-02,41767.74803885657,35149.667946684334,401661.98093899665,63132.2557417585,51316.17130088022,38145.66641512354,40546.82283400704
2022-09-09,43296.86688942766,35149.667946684334,416466.84139831964,65443.53003511973,52087.664579373486,37484.61090559151,40546.82283400704
2022-09-16,41226.414034393856,35149.667946684334,396651.42897362483,62314.02544646806,50354.652920629196,37055.496166965524,40546.82283400704
2022-09-23,39343.44671375056,35149.667946684334,378634.8477492501,59467.906610239785,48716.97806382435,36581.322354746335,40546.82283400704
2022-09-30,38191.84937340033,35149.667946684334,367652.06471795164,57727.258832560125,47262.23441644069,35456.54738640072,40546.82283400704
2022-10-07,38791.70870588127,35149.667946684334,373526.5827301783,58633.950587931664,47482.02835362111,35033.4297187206,40546.82283400704
2022-10-14,38239.97069801198,35149.667946684334,368313.88010590523,57799.99456562355,46621.719327563536,34193.96134854927,40546.82283400704
2022-10-21,40021.35854263055,35149.667946684334,385571.5781126945,60492.57528309712,46903.18200674735,32320.68709296106,40546.82283400704
2022-10-28,41596.3853391188,35149.667946684334,400845.61491718923,62873.23977148453,48741.665006246476,33579.95042934251,40546.82283400704
2022-11-04,40241.629046719114,35149.667946684334,387890.43921712233,60825.515756295434,47315.734313573616,32764.510863704243,40546.82283400704
2022-11-11,42611.11273400577,35149.667946684334,410829.9735489057,64407.00762850607,49724.56049650759,34007.987883318725,40546.82283400704
2022-11-18,42345.93423681125,35149.667946684334,408373.2866191786,64006.188396247606,49894.45918364322,33796.34855871806,40546.82283400704
2022-11-25,43019.56536882525,35132.093112710994,414969.6118108995,65024.38676457607,51023.66115907488,34300.17814634092,40526.54942259005
2022-12-02,43509.283831549474,35532.023574210005,419793.46893569897,65764.59979213515,52252.280562483305,35779.30746800914,40987.888334608215
2022-12-09,42051.880697764784,34324.06370156199,405831.910957914,63561.72432766578,51053.777417887744,35489.58137592238,39594.44885685437
2022-12-16,41172.034578143466,34324.06370156199,397440.74180804513,62231.83050179678,50612.25025158019,34747.03740541572,39594.44885685437
2022-12-23,41133.36224582656,34324.06370156199,397167.43112274713,62173.37698949131,49648.127477377304,34679.65294818545,39594.44885685437
2022-12-30,41081.80288121231,34324.06370156199,396769.5943480196,62095.44463389289,49105.37274439265,33762.380696573426,39594.44885685437
2023-01-06,41688.74053134568,34324.06370156199,402731.42095612315,63012.83531801297,50649.422538661995,34261.18207737304,39594.44885685437
2023-01-13,42808.08096696557,34306.90166971121,413644.73789554695,64704.726548967184,51767.791049106614,35181.09296896028,39574.65163242594
2023-01-20,42526.633574595326,34081.346405444776,411025.175835799,64279.31676301369,51456.89857012245,34949.790218330316,39314.4628490394
2023-01-27,43579.381647158196,34925.03114422723,421300.1162264356,65870.55315159878,52320.022475021244,35780.023519180904,40287.69354023842
2023-02-03,44295.89839580601,35499.25612898025,428326.98343000445,66953.57344220206,52887.4950652196,35832.011591862894,40950.0895195961
2023-02-10,43832.897773363475,35128.20196190818,423949.9174460395,66253.74462506204,51899.551349075395,35421.647303667036,40522.06079406413
2023-02-17,43749.11521029342,35061.0576263539,423239.5760700114,66127.10667001794,51637.227805047674,35075.613029228225,40444.606592159405
2023-02-24,42580.350140779854,34124.395496001984,412032.6586576571,64360.509744516436,50525.05653517299,34592.52841450658,39364.12203360512
2023-03-03,43419.32178481463,34796.75728016577,420251.0446241211,65628.62150246931,51357.266166073015,34960.010987934,40139.72350398595
2023-03-10,41455.627936659155,33205.63145950198,401344.6585939755,62660.48393122803,50709.63879130335,33343.940179115416,38304.28378219607
2023-03-17,42055.71197763699,33189.02864377223,407254.2563866305,63567.51533513126,51392.10716718466,33708.48580677287,38285.13164030498
2023-03-24,42676.862440199424,33679.22080851407,413369.2816433565,64506.38878888132,51847.53492676125,34371.91491194903,38850.59174332938
2023-03-31,44147.770554647956,34840.014651898484,427716.53872522304,66729.67713010582,52826.55306729887,35481.928974785136,40189.622950847624
2023-04-06,44126.209774370174,34822.99957069853,427607.65156746237,66697.08785348927,53294.52779872143,35163.52220114421,40169.99524102211
2023-04-14,44478.83358313425,35101.279051397134,431124.7734894082,67230.08131185854,52872.396964984735,35221.010905118994,40491.00392933578
2023-04-21,44450.80119814569,35079.15678584535,430953.0609768492,67187.71015752904,52715.53568184451,35004.31318259333,40465.484838134806
2023-04-28,44853.029407600974,35396.582479935205,434952.6864819846,67795.68102927097,53417.81839534001,35662.14434774686,40831.65055556763
2023-05-05,44497.169796481496,35115.74940706068,431601.81380044797,67257.79663204523,52903.124209955,35698.62669731079,40507.696176566234
2023-05-12,44385.01778567751,35027.242611574504,430613.99155229697,67088.27804987406,52698.047287958856,35935.22695508792,40405.599355577004
2023-05-19,45143.11684167712,35625.5102451784,438068.9071698223,68234.15030126832,52597.24664572958,37204.450036474904,41095.72968010389
2023-05-26,45294.08724532098,35744.65128013609,439633.9243056838,68462.34316729056,52700.7074956751,38519.00854762259,41233.16456125318
2023-06-02,46146.01333420219,36416.96422020211,448002.89786165114,69750.0356630959,53539.45040492402,39209.999341401075,42008.709687631504
2023-06-09,46359.531347958844,36585.46583725473,450175.81125106727,70072.76969791666,53673.372459724545,39193.4195270886,42203.08436065087
2023-06-16,47567.137281161995,37538.46998396329,462002.3098770131,71898.07487212241,54655.49399665535,40678.23651184185,43302.42021654794
2023-06-23,46890.641115812505,37004.60075304584,455531.7485845179,70875.54598501479,54344.675058749955,40137.37638720129,42686.57652905219
2023-06-30,47980.61215088725,37864.77118419236,466220.56545071857,72523.04515287589,55020.54994155329,40899.06792448483,43678.82425473916
2023-07-07,47468.63631154483,37460.73615546927,461345.771370045,71749.18993825198,53900.687124334574,40547.00592994329,43212.75052814756
2023-07-14,48630.05341320971,38377.289547194494,472733.53757283406,73504.6803567669,55172.85938507141,41967.440972705976,44270.03869509584
2023-07-21,48943.94871253265,38625.00572153757,475884.9188661171,73979.13539069777,55482.399678822825,41586.5895723338,44555.79114799076
2023-07-28,49457.003152660196,39029.89194765264,480973.37764470925,74754.62091827385,55412.491069381555,42455.678208441714,45022.846771478275
2023-08-04,48362.706479020075,38166.30786029873,470431.2535022206,73100.58351617753,54008.59188584974,41189.13583072754,44026.661230115
2023-08-11,48237.139370951016,38067.21429724989,469309.8435285419,72910.7879166639,53664.84304393289,40547.00592994329,43912.352066482905
2023-08-18,47246.74790627856,37285.62889198936,459774.1049798057,71413.80399562539,52643.60894150239,39649.13915146555,43010.75592609223
2023-08-25,47622.33692342607,37582.03178382539,463529.0889067797,71981.50953393435,53220.33571694993,40301.22595160592,43352.670835814635
2023-09-01,48836.79646578474,38540.44458062878,475449.95620459487,73817.17398835692,54016.4644787893,41803.580144840525,44458.24582823779
2023-09-08,48223.07261904492,38056.11326459625,469575.0561871748,72889.52591857953,53499.833579116836,41248.92228070758,43899.54649446543
2023-09-15,48161.715963965726,38007.692546288294,469077.59208562574,72796.78488699901,53139.248438279246,41052.96058953333,43843.690880417926
2023-09-22,46755.00706708221,36897.56268100526,455476.7591956755,70670.53413128103,51858.14966406965,39682.388887776986,42563.10299439162
2023-09-29,46435.640115859685,36645.52845322581,452465.5582128945,70187.80865560325,51023.97846816886,39722.2953294272,42272.36946036849
2023-10-06,46659.41607249994,36822.125312141674,454746.0151395833,70526.0476458961,50336.88766046186,40435.20481794216,42476.08238199168
2023-10-13,46872.327373314954,36990.148130661306,456921.06394588156,70847.8646296813,51144.36185490899,40499.51917916788,42669.9047380071
2023-10-20,45752.38022475342,36087.826431264206,446103.58936416864,69155.05634769148,49390.71139823449,39315.39154420126,41629.03350871899
2023-10-27,44610.71499996628,36087.826431264206,435071.90720625885,67429.42103511294,48919.41887442588,38285.393106960146,41629.03350871899
2023-11-03,47218.83911096328,36069.782518048574,460607.98307285167,71371.61964798835,51459.8909192855,40768.92989828485,41608.218991964626
2023-11-10,47861.90988739856,36561.01490508851,466980.97789618635,72343.6258160057,51964.952415028914,41953.05753325146,42174.87904115332
2023-11-17,48967.72287150492,37405.729315551216,477870.217813757,74015.07020535161,53169.60842446795,42801.22992263501,43149.297507874435
2023-11-24,49457.63233645152,37779.96401057688,482751.1863578199,74755.57193416262,53432.08756229646,43185.95595352586,43580.995124493755
2023-12-01,49870.41060983636,38095.279313313964,486880.27533287794,75379.48930446783,54527.65676754173,43233.634183135044,43944.72640458222
2023-12-08,49989.89935306422,38186.55502154252,488146.8330469722,75560.09741119898,54969.606013560064,43480.878411377715,44050.017298829225
2023-12-15,51188.707948613635,39102.30742326125,499953.0902493298,77372.10534538869,56905.00580520225,44941.07347080008,45106.381485501675
2023-12-22,51659.88796034342,39462.23496214051,504655.040803825,78084.29736908256,57064.332039744324,45368.01495280722,45521.57511333776
2023-12-29,51840.935596297684,39600.53461069669,506523.6586951388,78357.95219107278,57278.216255511936,45518.52857961269,45681.11037143803
2024-01-05,51034.92868875849,38984.83768950251,498748.38478188287,77139.6668727202,56143.76466102024,44099.12977524454,44970.87453020702
2024-01-12,51990.355511312926,39714.67430451254,508185.4720820807,78583.80148222629,56828.04729508434,45522.97764663269,45812.77596641602
2024-01-19,52617.49445531782,40193.73659712199,514415.5109553643,79531.72656934614,56667.04443297797,46814.54743426693,46365.39722970511
2024-01-26,53160.64859860545,40608.644125367704,519825.66338734864,80352.70801774335,56943.33246622266,47106.87929613247,46844.01290441909
2024-02-02,53917.57917042115,41186.852349472814,527327.2272697462,81496.81409677277,58059.68610682477,47684.86378760315,47511.003740847955
2024-02-09,54664.70121634707,41757.5679837064,534734.2652149207,82626.09451739349,58005.71826072482,48578.5180317379,48169.35151656429
2024-02-16,54480.372836338036,41616.762222615886,533031.150981253,82347.48082684047,57618.90204845007,47858.25350331394,48006.925337813336
2024-02-23,55389.99283179893,42311.60767049402,542030.7925933361,83722.37808315965,58471.89210788621,48548.500908678965,48808.4627894577
2024-03-01,55935.337882931344,42728.188801288336,547467.3849124538,84546.67110474093,59040.37713790271,49529.96509328932,49289.009044743194
2024-03-08,55812.085272380384,42634.037929707025,546361.0494019185,84360.3738851038,59277.29042743546,48797.479709886386,49180.40151207843
2024-03-15,55779.90701562396,42609.45742868525,546146.0469066066,84311.73621536445,58565.74111468073,48230.61225423529,49152.04672870999
2024-03-22,57024.983090685586,43560.55288319996,558436.6978573591,86193.67778223105,59612.230590102336,49680.59135470288,50249.18081688777
2024-03-28,57228.47910548039,43716.00052094661,560529.5023505832,86501.26349253803,59902.2507994315,49416.812365990976,50428.49710053627
2024-04-05,56720.817669278505,43328.20535398854,555657.1666071791,85733.92952972274,58843.61851706413,48973.410957948225,49981.156831080996
2024-04-12,55891.50849061053,42694.70816773878,547632.9609381632,84480.42265863295,58044.113887671854,48208.402396458536,49250.387532899505
2024-04-19,54174.88163479923,41383.401949298124,530913.2065020875,81885.72864799514,56681.31250136372,45562.06598869219,47737.73310325046
2024-04-26,55608.13984059178,42478.246988873485,545059.120158389,84052.10887773341,57349.614132809766,46721.90027947575,49000.68921190244
2024-05-03,55939.641050647035,42731.475928345375,548408.4242782918,84553.17537412295,58051.86331118638,47207.549784095085,49292.800902993935
2024-05-10,56984.50185496863,43529.62985764778,558751.7947491419,86132.49009924539,58774.81895558185,47873.6330875535,50213.5096281739
2024-05-17,57926.502344833156,44249.21029293679,568088.4195722557,87556.33070898245,59689.101806214116,48665.02345426841,51043.58007062408
2024-05-24,57925.41250862319,44248.377782951065,568177.7314881309,87554.68341360372,59685.798089167205,48615.442841186385,51042.61973054492
2024-05-31,57698.9400500201,44075.37877488684,566056.3125598759,87212.36864093046,59302.80773562541,47846.852361228266,50843.05710192837
2024-06-07,58425.411385080704,44630.319632277555,573283.3704356073,88310.43536148805,60106.95312132064,49147.30014773275,51483.20791820645
2024-06-14,59384.92790227877,45363.280305378335,582798.3638421989,89760.75157427105,61532.17894203892,50870.257828077214,52328.71310481564
2024-06-21,59766.662696816566,45654.881947388065,586644.674927132,90337.746499922,61584.93457916574,50975.36155557833,52665.08954326758
2024-06-28,59734.821502805484,45630.558923681456,586432.1350250017,90289.61830298019,60993.705255024004,50943.48557075816,52637.03177229475
2024-07-05,60878.55404576413,46504.23953210105,597760.4521136082,92018.37838205037,61981.417543780335,52756.39863394704,53644.86413352303
2024-07-12,61465.77352529431,46952.80792801693,603626.3016328003,92905.96490751381,62709.760406460024,52613.91824611918,54162.30922875762
2024-07-19,60258.39230058807,46030.50701991566,591869.1814579376,91080.99938183979,61698.294950800555,50479.373853191995,53098.39102682326
2024-07-26,59758.9776662225,45649.01146460214,587063.8376615817,90326.13052013789,61410.078734695395,50061.00660054213,52658.31766064747
2024-08-02,58492.31834003339,44681.42887933923,574720.3536181336,88411.56571180154,62112.250085723135,48999.90677311265,51542.16487873687
2024-08-09,58502.19427847226,44688.97296467379,574917.3903400995,88426.49326476976,61607.8852545582,49008.17999729892,51550.86734192853
2024-08-16,60842.33103606348,46476.56930329721,598014.5673572418,91963.62703874044,63388.595543854266,50968.54823388877,53612.945201407165
2024-08-23,61700.672552531236,47132.24386896047,606551.1397546894,93261.0165001258,64172.35583056842,51687.59400741945,54369.29716726465
2024-08-30,61870.79935553605,47262.201252505074,608323.5786762836,93518.16440347543,63782.83604776804,51830.11182383395,54519.20922374685
2024-09-06,59311.14486732089,45306.91852108715,583256.6470273468,89649.22797888759,63095.5547480149,49685.85023781163,52263.697091414615
2024-09-13,61687.493399187915,47122.17650593725,606725.2918236266,93241.09611374166,64827.8129025285,51676.553629751106,54357.68398259594
2024-09-20,62564.00259763026,47791.7290988883,615446.1689237816,94565.94615891493,64985.39115357234,52410.81874743332,55130.04491657732
2024-09-27,62918.52519319316,48062.54373898645,619033.6307896625,95101.80964737707,65124.820478619105,52655.396911590586,55442.4425542896
2024-10-04,63084.775774626396,48189.54013340656,620769.3128201853,95353.09861355486,64510.90226597806,52664.40002561751,55588.938968222166
2024-10-11,63811.43811190935,48744.62689460921,628019.844374407,96451.4540353644,64457.145000799035,53271.0319038212,56229.25809152443
2024-10-18,64363.030059255645,49165.97993831138,633548.5057426569,97285.18928612689,64838.22737862355,53678.24057734955,56715.30897654206
2024-10-25,63751.980243628976,48699.207896212814,627633.7221430005,96361.58303387673,63990.925097529034,53770.510715641576,56176.86510493719
2024-11-01,62871.19034832067,48026.38534135909,619062.4081178405,95030.2626841746,63185.57906495547,52860.22928327094,55400.73211353146
2024-11-08,65860.3863637896,50309.78858065533,648595.5852760948,99548.45425953243,65447.16321515496,55320.59627101536,58034.746942427635
2024-11-15,64490.743133470125,49263.53809303014,635207.2867459041,97478.22852911823,63948.39903636497,53374.77838243294,56827.84697324218
2024-11-22,65565.32163650707,50084.39293895356,645891.442892111,99102.46177255794,64675.75041254352,54264.136865020446,57774.74229130259
2024-11-29,66340.41989029733,50676.47919034645,653627.0239741231,100274.02843537525,66159.12063360497,54905.63509423212,58457.74209585532
2024-12-06,66919.53862851419,51118.85954812103,659432.8615014447,101149.37063127094,66715.94930241251,55384.93387119716,58968.04899318186
2024-12-13,66523.1865462529,50816.09197321001,655627.1623121761,100550.28156863296,65280.1185420651,55056.89912505803,58618.79211717324
2024-12-20,65301.693627941175,49883.01134818018,643688.5938461223,98703.9861151682,64128.67155087642,54045.94917095891,57542.43899627562
2024-12-27,65728.08923623832,50208.728734450226,647991.6393458412,99348.48618649438,64028.42433472629,54398.848982471405,57918.1695771471
2025-01-03,65390.06024434804,49950.51331764117,644759.1225612117,98837.55290025898,63886.729664294515,54119.084451124014,57620.30574599379
2025-01-10,64124.131220773874,48983.48859989448,632376.8082245309,96924.09194965065,62608.88700633769,53071.357633318235,56504.79649094037
2025-01-17,66011.9859512248,50425.59329444263,651094.3789597016,99777.5981414434,64221.79761934367,54580.740404140284,58168.33321756397
2025-01-24,67159.71830542831,51302.32930033559,662514.7789386425,101512.40396437784,64900.61210257422,55406.133524990146,59179.69012588693
2025-01-31,66480.35710674331,50783.37518902878,655913.0409664939,100485.54455849105,64667.41763592867,54638.280385752616,58581.051742103235
2025-02-07,66364.37381606713,50694.77724487802,654868.7187004965,100310.23496885442,65138.00503218786,54704.17736469434,58478.84977677067
2025-02-14,67350.82164661895,51448.31035546107,664702.764088294,101801.2580581616,65683.89630883129,56297.43416323989,59348.086253789836
2025-02-21,66272.68151390611,50624.734832574,654162.318897456,100171.64138549448,65188.60352251265,55034.758259052745,58398.05250474906
2025-02-28,65636.3969340773,50138.686322146204,647981.7009005493,99209.89260313447,65633.67373849668,53161.1468577906,57837.3723051255
2025-03-07,63619.301111632965,48597.85624238385,628168.3411952686,96161.03755833484,63844.62566853029,51447.5830207677,56059.951125608306
2025-03-14,62171.099790796405,47467.29744704798,613968.9979844651,93972.07070123854,62989.63182394354,50178.626195510784,54755.7974918544
2025-03-21,62487.63541495797,47467.29744704798,617194.9368957408,94450.5166054169,63330.134650407635,50251.89506832749,54755.7974918544
2025-03-28,61565.802512690425,47467.29744704798,608189.9260217459,93057.15945139987,62613.17228787448,49941.62941869403,54755.7974918544
2025-04-04,55983.81874113808,47467.29744704798,553147.1981026998,84619.95027545512,60051.78440961561,51626.16568450384,54755.7974918544
2025-04-11,59159.275629689415,47467.29744704798,584622.2475383213,89419.6765187386,60553.62993158626,48312.31996446909,54755.7974918544
2025-04-17,58324.97792239021,47467.29744704798,576477.5725390799,88158.62945024508,60219.65066249782,48668.15365928363,54755.7974918544
2025-04-25,61009.60404115765,47467.29744704798,603112.1174844961,92216.46140573754,62257.04020373284,49424.3817380885,54755.7974918544
2025-05-02,62795.65458708694,47467.29744704798,620868.1692425613,94916.08983024387,63116.386009706475,48910.151444256284,54755.7974918544
2025-05-09,62527.53240858301,47467.29744704798,618317.2131024322,94510.82120222015,62759.009498872365,48775.18829015822,54755.7974918544
2025-05-16,65835.93807932663,47443.56379832446,651133.107930639,99511.50049928355,64535.09859524594,48306.14608332196,54728.419593108476
2025-05-23,64164.00574354921,46238.71382195805,634697.2989210862,96984.36258160076,63028.312519396895,47169.609038586466,53338.56752943073
2025-05-30,65303.008172648064,47059.51680567625,646064.0793665431,98705.97305907868,64215.47287893197,48083.84029830696,54285.40302195736
2025-06-06,66383.28303608148,47837.998754870554,656851.59292276,100338.81639279694,64671.303229856465,49085.143420258275,55183.419177368334
2025-06-13,66146.18186557491,47667.13577580839,654605.5161032927,99980.43624457432,64829.730779893194,48761.88207373431,54986.3205603506
2025-06-20,66039.93968823946,47590.57413386119,653654.1067344504,99819.85041878685,64815.33030064166,48803.52176938091,54898.00304518595
2025-06-27,68332.46071533706,49242.64093477853,676445.1599245593,103285.01266889046,66435.12091147093,50829.41669955924,56803.74110189664
2025-07-03,69491.50714235961,50077.88828918558,688018.9358939836,105036.91979539597,67082.03143578272,51583.38369536249,57767.23886674283
2025-07-11,69300.37009489445,49940.14858393963,686226.5333053118,104748.01475433246,66607.2413939278,51396.04742282407,57608.34953002741
2025-07-18,69740.42797980324,50257.268912846775,690684.0770875618,105413.16545638598,66690.22917207752,52050.7925408921,57974.162994119404
2025-07-25,70798.34434779486,51019.63858756191,701261.2997176512,107012.21376120015,67669.62146235698,52524.68696370417,58853.59287042952
2025-08-01,69089.23399120495,49787.996894486176,684432.4723409065,104428.88099394769,67228.3944766699,51366.37777042843,57432.8352803474
2025-08-08,70807.2428042722,51026.051110872206,701551.9260459624,107025.66384305544,68069.13967591568,53283.29450187333,58860.99002271488
2025-08-15,71502.88413355779,51527.353359302935,708544.2790746843,108077.13078506387,68192.7592554231,53542.03735302605,59439.26613855874
2025-08-22,71710.69455149313,51677.108449135354,710703.5370269254,108391.23774717948,68516.89169540047,53044.02701928435,59612.015795970474
2025-08-29,71681.79703879147,51656.28394161756,710517.1423041187,108347.55894600292,68358.6443375815,52898.42767296458,59587.99373072053
2025-09-05,71925.16757636161,51831.66483483015,713029.4554159368,108715.41528825994,69223.88710501828,53423.33078836892,59790.30397775749
2025-09-12,73055.31649068248,52646.0876817194,724333.1757835202,110423.64361358887,70311.13331694476,54406.36166457108,60729.77967735372
2025-09-19,73957.77952051703,53296.43251739252,733380.969644774,111787.72306417342,70541.47305653873,55583.22370895227,61479.98354479983
2025-09-26,73748.29502427978,53145.47103112924,731403.677114197,111471.08572049666,70383.56149163474,55333.45443671193,61305.842251415204
2025-10-03,74571.77301745313,53738.8966258031,739670.5755086795,112715.77871218884,71105.5212794026,56002.87596888899,61990.387052489954
2025-10-10,72767.67837922258,52438.80610436214,721875.9262957689,109988.87651058706,70467.98482044628,54732.74647763965,60490.670465664814
2025-10-17,74034.67476815701,53351.845787008264,734544.88839882,111903.95079172094,71384.54997181245,56072.51205945205,61543.90540116475
2025-10-24,75467.6970300278,54384.529228437576,748862.8096730772,114069.97439050091,72298.14071957556,57295.29497286774,62735.15513378696
2025-10-31,76003.68297226423,54770.77850181861,754281.3758205078,114880.12105073688,72233.15129233523,58406.6582777109,63180.71214107647
2025-11-07,74767.89859354951,53880.231230480575,742117.1130250511,113012.22395065604,71401.88316332636,56611.9424952348,62153.42327760776
2025-11-14,74874.87107349992,53957.319152749966,743278.8803006766,113173.91363417156,71239.97459081915,56530.23913084877,62242.3478822908
2025-11-21,73437.3883479656,52921.42135304516,729109.065403261,111001.14801203735,70621.36107470762,54785.66543365567,61047.39023368716
2025-11-28,76151.88946139622,54877.581020740516,756159.4705629827,115104.13623981926,72411.72257851875,57494.912841466925,63303.91395395053
2025-12-05,76408.18073753823,55062.27302734558,758804.346035517,115491.522372649,72005.19854101365,58073.34060616798,63516.96501554325
2025-12-12,75970.25758335,54746.69105630328,754555.3615495618,114829.59833164662,71486.44328330387,56972.19022187307,63152.92612081264
2025-12-19,76062.00606263526,54812.808058010225,755566.6301059802,114968.27682713949,71719.12582626182,57290.65443050185,63229.19524399735
2025-12-26,77148.30311378566,55595.62979570745,766457.4288860688,116610.2227415073,72395.93907543007,58000.00512741363,64132.21755297518
2026-01-02,76350.34077043558,55020.591625828645,758629.7863930129,115404.09684058957,71712.31783334879,56998.766179358114,63468.88352568839
2026-01-09,77568.51923841797,55898.451493091874,770833.8118843031,117245.38247821174,72695.45776142947,58256.58611947219,64481.53686184501
2026-01-16,77299.17239860592,55704.35121365024,768257.189289341,116838.26276569028,72501.01740106597,57755.50072753621,64257.63290763158
2026-01-23,77027.60094467454,55508.64780338101,765658.1083624109,116427.78053270497,72391.12220727,57891.23193255982,64031.879665346816
2026-01-30,77333.82244882827,55729.32119078276,768801.9650415077,116890.63656927831,72300.34672591563,57812.21225532515,64286.43697031854
2026-02-06,77182.94192858317,55620.59167621963,767402.0102122002,116662.57956266875,72463.21449207536,56618.37104416531,64161.01227582339
2026-02-13,76191.64039449826,54906.226863507974,757645.8584385726,115164.22006507688,72626.62554227692,55891.19122086443,63336.95830342732
2026-02-20,77049.95944011633,55524.76007786017,766280.9400664836,116461.57556160906,73017.14253489139,56520.820320051185,64050.46594444767
2026-02-27,76665.50567276601,55247.70992302204,762557.452080273,115880.47088872455,73259.1283861631,56182.27933432583,63730.87534230045
2026-03-06,75144.46509265857,54151.5975578391,747528.3425922564,113581.40696007792,71721.36334960283,54849.80598972343,62466.457312956605
2026-03-13,74016.82167807814,53338.98025728594,736410.677902023,111876.96571587742,70452.90900360252,53971.86132985379,61529.06439740031
2026-03-20,72684.3115268718,52352.059691301125,723253.2226166682,109862.86690532656,69460.7098786621,52857.93878023671,60390.60432998454
2026-03-27,71061.56788106632,52352.059691301125,707205.9337911336,107410.07805123278,68468.72427409359,52740.8981328283,60390.60432998454
2026-04-02,73497.93605245599,52352.059691301125,731552.7113262195,111092.66630890375,70355.89810930302,53662.727162982075,60390.60432998454
2026-04-10,76146.11445302583,52325.88366145548,758011.0309344023,115095.40727255456,71779.6039905292,53423.57675390042,60360.40902781955
2026-04-17,79584.37916412935,54688.58122735002,792337.8932898904,120292.36945608704,73916.80846634448,55782.41544441139,63085.89365430241
2026-04-24,80010.23547203392,54981.220028213036,796677.6962938623,120936.05437093716,74031.90262078025,57074.56699956408,63423.466505088574
2026-05-01,80762.22245691778,55497.9684370926,804265.3790287749,122072.6881822692,74181.39784920384,57957.49204428017,64019.56050564572
2026-05-08,82664.02034960152,56804.84083622938,823304.3105794926,124947.2695654539,75392.40730755661,61145.29839632708,65527.100312702474
2026-05-15,82837.7312531319,56924.21103120452,825134.4095399156,125209.83486288412,74639.65735872099,60947.5704193192,65664.79954089034
2026-05-22,83562.80939551171,57422.46829352399,832456.8058541584,126305.79576254514,75395.64828001727,61687.78085992871,66239.56311964359
2026-05-29,84777.63970689027,58257.27214396627,844659.0050020885,128142.02063704502,76437.93949266724,63473.40030442256,67202.54928145805
2026-06-05,82656.17802305963,56799.45176721104,823622.397269085,124935.41583169758,75159.92714029714,60614.85656299594,65520.88376388448
2026-06-12,83126.86367609623,57122.89627779211,828412.5154814952,125646.86062862173,75667.65755447913,62014.47009781785,65893.99247395979
2026-06-18,83899.41148844665,57653.773621204,836211.4499565484,126814.57228060426,76435.44428082158,63671.99754780451,66506.38487614579
2026-06-26,81905.1235784379,56283.34417885945,816434.7147652786,123800.1915617721,75560.31506244975,60807.33451536838,64925.528980450385
2026-07-02,83679.1971614823,57502.44732785215,834218.776475513,126481.71671953885,76012.26937897285,61330.61565936067,66331.82276033942
2026-07-10,84821.83986823096,58287.64549284619,845710.0664628327,128208.82950323028,76265.23452600525,62441.72743056801,67237.5863918449
2026-07-17,83511.78933129001,57387.40846198774,832748.3016109132,126228.67856342279,75576.55093132614,59844.256225685174,66199.11992740499
2026-07-24,83021.9248080428,57050.7846665724,827963.5559597897,125488.2447643181,74856.30347598775,58888.92387398871,65810.80828203981
2026-07-31,83931.9942204975,57676.16373603667,837139.523647222,126863.82131770065,74988.99877224752,59212.53194987868,66532.21294430082
2026-08-07,86879.04615737237,59701.31101900555,866633.4833346063,131318.31181093823,76876.1422844484,62228.28380604482,68868.3171777707
2026-08-14,87225.09724260206,59939.10947998703,870185.4026485117,131841.37054975535,76792.35870579559,62920.25426619254,69142.62907403785
2026-08-21,86031.89512405034,59119.168033356094,858381.6375763434,130037.83684643153,76165.78762907934,61402.911080570135,68196.78740574009
2026-08-28,86439.74104592818,59399.430505227116,862550.9126957109,130654.29893146594,76690.65205480492,61660.24835368476,68520.0835691978
2026-09-03,86868.93427501174,59694.36236267816,866933.676699737,131303.02762701176,76736.06088858306,61766.970165946346,68860.30157041224
