timestamp,open,high,low,close,adjusted close,volume,dividend amount
2026-09-03,767.3300,774.0300,759.4800,773.1700,773.1700,153034891,0.0000
2026-08-28,764.7800,775.3000,762.0800,769.3500,769.3500,159906149,0.0000
2026-08-21,776.1800,776.7750,762.0400,765.7200,765.7200,203292483,0.0000
2026-08-14,772.6000,779.3700,769.2000,776.3400,776.3400,176171555,0.0000
2026-08-07,749.4400,776.8500,748.8000,773.2600,773.2600,255774636,0.0000
2026-07-31,744.9100,748.8950,729.1000,747.0300,747.0300,288737823,0.0000
2026-07-24,747.0600,750.0200,735.2100,738.9300,738.9300,217802101,0.0000
2026-07-17,752.4700,755.5800,740.8000,743.2900,743.2900,232062310,0.0000
2026-07-10,748.7400,755.4200,739.5100,754.9500,754.9500,221795228,0.0000
2026-07-02,736.5250,751.3100,732.0900,744.7800,744.7800,218268094,0.0000
2026-06-26,747.7000,750.1800,716.5800,728.9900,728.9900,296076395,0.0000
2026-06-18,751.8500,756.6800,739.2200,746.7400,746.7400,294090451,1.9035
2026-06-12,743.3600,746.9000,722.5900,741.7500,739.8640,340754065,0.0000
2026-06-05,755.3600,760.4000,735.5250,737.5500,735.6747,270531755,0.0000
2026-05-29,750.0100,758.0800,748.2200,756.4800,754.5566,179868208,0.0000
2026-05-22,739.8300,748.9400,731.5300,745.6400,743.7441,230575509,0.0000
2026-05-15,736.4500,749.5300,731.8300,739.1700,737.2906,248127801,0.0000
2026-05-08,720.0700,738.0800,714.9900,737.6200,735.7445,241124451,0.0000
2026-05-01,713.1700,724.8700,708.3700,720.6500,718.8177,228403404,0.0000
2026-04-24,708.7800,714.4700,702.2803,713.9400,712.1247,246362641,0.0000
2026-04-17,677.4100,712.3900,676.5800,710.1400,708.3344,296541021,0.0000
2026-04-10,655.8600,682.0300,651.0600,679.4600,677.7324,302080135,0.0000
2026-04-02,640.1100,658.5200,629.2800,655.8300,654.1625,418010138,0.0000
2026-03-27,658.0700,662.6150,633.1050,634.0900,632.4778,522057740,0.0000
2026-03-20,668.3800,674.4400,644.7200,648.5700,646.9209,526103811,1.7970
2026-03-13,666.3900,683.3600,661.3600,662.2900,658.7808,458697186,0.0000
2026-03-06,678.7000,688.6200,669.6600,672.3800,668.8173,478955970,0.0000
2026-02-27,687.8300,693.6800,680.0000,685.9900,682.3552,375706151,0.0000
2026-02-20,680.1400,690.0600,675.7800,689.4300,685.7770,313608350,0.0000
2026-02-13,689.4200,697.1400,677.5200,681.7500,678.1376,430521239,0.0000
2026-02-06,689.5800,696.9600,675.7900,690.6200,686.9606,491807928,0.0000
2026-01-30,690.4900,697.8400,684.8300,691.9700,688.3035,375091702,0.0000
2026-01-23,681.4900,691.1300,676.5700,689.2300,685.5780,375195165,0.0000
2026-01-16,690.6800,696.0900,686.0400,691.6600,687.9951,394113586,0.0000
2026-01-09,686.5400,695.3100,686.3750,694.0700,690.3924,360934022,0.0000
2026-01-02,687.5400,689.2000,679.8200,683.1700,679.5501,273242178,0.0000
2025-12-26,683.9400,691.6600,680.5868,690.3100,686.6523,215455591,0.0000
2025-12-19,685.7400,685.7600,671.1950,680.5900,676.9838,535716452,1.9934
2025-12-12,686.5900,689.2500,679.1744,681.7600,676.1672,394352936,0.0000
2025-12-05,678.8100,688.3900,678.7400,685.6900,680.0649,322604899,0.0000
2025-11-28,662.6900,683.6650,661.5900,683.3900,677.7838,282606655,0.0000
2025-11-21,669.7000,675.5600,650.8500,659.0300,653.6236,588876272,0.0000
2025-11-14,677.2350,684.9600,663.2650,671.9300,666.4178,397413217,0.0000
2025-11-07,685.6700,685.8000,661.2050,670.9700,665.4657,394133220,0.0000
2025-10-31,682.7300,689.7000,679.2400,682.0600,676.4647,373939943,0.0000
2025-10-24,667.3200,678.4700,663.3000,677.2500,671.6942,337267378,0.0000
2025-10-17,660.6500,670.2300,653.1700,664.3900,658.9397,457106848,0.0000
2025-10-10,671.6200,673.9500,652.8400,653.0200,647.6629,413270098,0.0000
2025-10-03,664.3600,672.6750,661.6100,669.2100,663.7201,359722755,0.0000
2025-09-26,662.2000,667.3400,654.4050,661.8200,656.3908,378044578,0.0000
2025-09-19,659.6400,664.8900,654.3000,663.7000,658.2553,415298471,1.8311
2025-09-12,648.6200,659.1100,647.2200,657.4100,650.2230,350015984,0.0000
2025-09-05,637.5000,652.2100,634.9200,647.2400,640.1642,301809799,0.0000
2025-08-29,644.0400,649.4800,641.5700,645.0500,637.9981,287238619,0.0000
2025-08-22,642.8600,646.5000,632.9500,645.3100,638.2553,341334932,0.0000
2025-08-15,637.4600,646.1900,634.6600,643.4400,636.4057,311576861,0.0000
2025-08-08,625.6700,637.6450,625.5800,637.1800,630.2142,343884358,0.0000
2025-08-01,637.4800,639.8500,619.2900,621.7200,614.9232,439381049,0.0000
2025-07-25,628.7700,637.5799,626.1900,637.1000,630.1350,322104806,0.0000
2025-07-18,623.1600,629.4700,618.0500,627.5800,620.7191,349710617,0.0000
2025-07-11,623.3600,626.8701,617.8700,623.6200,616.8024,321151602,0.0000
2025-07-03,617.3800,626.2800,615.0400,625.3400,618.5036,280108844,0.0000
2025-06-27,595.0400,616.3900,591.8900,614.9100,608.1876,382082858,0.0000
2025-06-20,600.4000,604.4500,592.8600,594.2800,587.7832,332849893,1.7611
2025-06-13,599.7200,605.0600,595.4800,597.0000,588.7288,346556615,0.0000
2025-06-06,587.7600,600.8300,585.0600,599.1400,590.8391,341576045,0.0000
2025-05-30,586.0700,593.2000,578.4300,589.3900,581.2242,301708987,0.0000
2025-05-23,588.1000,595.5400,575.6000,579.1100,571.0866,370870121,0.0000
2025-05-16,581.4700,594.5000,577.0400,594.2000,585.9675,360544572,0.0000
2025-05-09,562.5700,570.3100,556.0400,564.3400,556.5213,245391373,0.0000
2025-05-02,551.3900,568.3800,541.5200,566.7600,558.9077,312393755,0.0000
2025-04-25,521.1600,551.0500,508.4600,550.6400,543.0111,361176912,0.0000
2025-04-17,544.0500,544.2800,520.2900,526.4100,519.1168,288279764,0.0000
2025-04-11,489.1900,548.6200,481.8000,533.9400,526.5424,924492812,0.0000
2025-04-04,549.8300,567.4200,505.0600,505.2800,498.2795,569903527,0.0000
2025-03-28,570.8000,576.4100,555.0700,555.6600,547.9615,263178329,0.0000
2025-03-21,562.7900,570.9500,558.0300,563.9800,556.1662,328327275,1.6955
2025-03-14,567.5900,569.5400,549.6800,562.8100,553.3489,391514540,0.0000
2025-03-07,596.1800,597.3400,565.6300,575.9200,566.2385,416381623,0.0000
2025-02-28,602.0200,603.0300,582.4400,594.1800,584.1915,315266033,0.0000
2025-02-21,610.8800,613.2300,599.4700,599.9400,589.8547,170833922,0.0000
2025-02-14,604.0300,610.9900,598.5100,609.7000,599.4506,169013275,0.0000
2025-02-07,592.6700,608.1300,590.4900,600.7700,590.6708,216528231,0.0000
2025-01-31,594.8100,609.9600,594.6400,601.8200,591.7031,257924602,0.0000
2025-01-24,600.6700,610.7800,598.6700,607.9700,597.7497,166485621,0.0000
2025-01-17,575.7700,599.3600,575.3500,597.5800,587.5344,254621089,0.0000
2025-01-10,596.2700,599.7000,578.5500,580.4900,570.7317,228482212,0.0000
2025-01-03,587.8900,592.6000,580.5000,591.9500,581.9990,201723845,0.0000
2024-12-27,590.8900,602.4800,587.6610,595.0100,585.0076,197104126,0.0000
2024-12-20,606.0000,607.7795,580.9100,591.1500,581.2125,419353579,1.9655
2024-12-13,607.6900,608.4350,602.1300,604.2100,592.0843,168103518,0.0000
2024-12-06,602.9700,609.0700,602.3410,607.8100,595.6120,161443911,0.0000
2024-11-29,599.5200,603.3500,595.2000,602.5500,590.4576,152158584,0.0000
2024-11-22,586.2200,596.1500,584.0300,595.5100,583.5589,221505378,0.0000
2024-11-15,599.8100,600.1700,583.8600,585.7500,573.9947,242874416,0.0000
2024-11-08,571.1800,599.6400,567.8900,598.1900,586.1851,239555370,0.0000
2024-11-01,582.5800,583.3200,568.4400,571.0400,559.5800,220360188,0.0000
2024-10-25,583.8500,584.8500,574.4150,579.0400,567.4194,202185455,0.0000
2024-10-18,581.2200,586.1200,578.5450,584.5900,572.8580,192956802,0.0000
2024-10-11,571.3000,580.3300,566.6300,579.5800,567.9486,211681681,0.0000
2024-10-04,570.4200,574.3800,565.2700,572.9800,561.4810,258273676,0.0000
2024-09-27,569.3400,574.7100,567.6000,571.4700,560.0013,219788113,0.0000
2024-09-20,561.7400,572.8800,559.9000,568.2500,556.8459,297840609,1.7455
2024-09-13,544.6500,563.0300,539.9600,562.0100,549.0446,243292245,0.0000
2024-09-06,560.4700,560.8100,539.4400,540.3600,527.8941,219590659,0.0000
2024-08-30,563.1800,564.2000,555.0400,563.6800,550.6761,210963817,0.0000
2024-08-23,554.7300,563.1800,553.8600,562.1300,549.1619,221129506,0.0000
2024-08-16,534.2100,555.0200,530.9500,554.3100,541.5223,242599611,0.0000
2024-08-09,511.6400,534.5100,510.2700,532.9900,520.6941,410688190,0.0000
2024-08-02,546.0200,554.8688,528.6000,532.9000,520.6062,311250646,0.0000
2024-07-26,553.0000,556.7350,537.4500,544.4400,531.8800,267223623,0.0000
2024-07-19,562.0300,565.1600,547.9100,548.9900,536.3250,255957982,0.0000
2024-07-12,555.4400,563.6700,554.1900,559.9900,547.0712,208264385,0.0000
2024-07-05,545.6300,555.0500,542.5200,554.6400,541.8447,155010902,0.0000
2024-06-28,544.3300,550.2800,542.4400,544.2200,531.6650,233538652,0.0000
2024-06-21,542.0800,550.1200,541.6072,544.5100,531.9484,232057959,1.7590
2024-06-14,533.1800,544.1200,532.0500,542.7800,528.5508,220214812,0.0000
2024-06-07,529.0200,536.8900,522.6000,534.0100,520.0107,203111783,0.0000
2024-05-31,530.2700,530.5100,518.3600,527.3700,513.5448,218714190,0.0000
2024-05-24,529.5700,533.0700,524.7200,529.4400,515.5605,218093448,0.0000
2024-05-17,522.5600,531.5218,519.7400,529.4500,515.5702,263189537,0.0000
2024-05-10,513.7500,522.6350,513.3000,520.8400,507.1860,237750055,0.0000
2024-05-03,510.0900,512.5500,499.5500,511.2900,497.8863,339448742,0.0000
2024-04-26,497.8300,509.8800,495.4300,508.2600,494.9358,321951230,0.0000
2024-04-19,515.1300,515.3000,493.8600,495.1600,482.1792,418256444,0.0000
2024-04-12,519.1500,520.7500,509.0800,510.8500,497.4579,360446531,0.0000
2024-04-05,523.8300,524.3800,512.7550,518.4300,504.8391,361873253,0.0000
2024-03-28,519.8000,524.6100,518.4000,523.0700,509.3575,293270515,0.0000
2024-03-22,514.0000,524.1100,511.1200,521.2100,507.5463,358570122,0.0000
2024-03-15,510.4800,517.3800,508.1220,509.8300,496.4646,398284000,1.5949
2024-03-08,512.0300,518.2201,504.9100,511.7200,496.7510,336221867,0.0000
2024-03-01,508.3000,513.2900,504.7500,512.8500,497.8480,316517539,0.0000
2024-02-23,497.7200,510.1300,493.5600,507.8500,492.9942,269064864,0.0000
2024-02-16,501.1700,503.5000,490.7150,499.5100,484.8982,375205197,0.0000
2024-02-09,493.6950,501.6500,490.2300,501.2000,486.5388,318555221,0.0000
2024-02-02,487.7300,496.0500,482.8600,494.3500,479.8891,437072028,0.0000
2024-01-26,484.0100,489.1200,482.7800,487.4100,473.1521,355178832,0.0000
2024-01-19,475.2600,482.7200,469.8700,482.4300,468.3178,356549472,0.0000
2024-01-12,468.4300,478.6000,468.3000,476.6800,462.7360,344088296,0.0000
2024-01-05,472.1600,473.6700,466.4300,467.9200,454.2323,396379586,0.0000
2023-12-29,474.0700,477.5500,473.3000,475.3100,461.4061,318702613,0.0000
2023-12-22,470.9800,475.8950,467.8200,473.6500,459.7947,379149050,0.0000
2023-12-15,459.6900,473.7300,459.4700,469.3300,455.6010,487187546,1.9061
2023-12-08,455.6000,460.7450,454.3100,460.2000,444.9311,360115323,0.0000
2023-12-01,454.6500,459.6500,453.3400,459.1000,443.8676,344703088,0.0000
2023-11-24,450.5300,456.3800,450.5200,455.3000,440.1937,208484220,0.0000
2023-11-17,439.2300,451.4200,438.4200,450.7900,435.8333,376600275,0.0000
2023-11-10,435.4700,440.9300,433.4000,440.6100,425.9911,366566272,0.0000
2023-11-03,413.5600,436.2900,412.2200,434.6900,420.2675,459402624,0.0000
2023-10-27,419.6100,424.8200,409.2100,410.6800,397.0541,487346964,0.0000
2023-10-20,433.8200,438.1400,421.0800,421.1900,407.2154,489560531,0.0000
2023-10-13,427.5800,437.3350,427.0101,431.5000,417.1834,397788728,0.0000
2023-10-06,426.6200,431.1250,420.1800,429.5400,415.2884,458428227,0.0000
2023-09-29,429.1700,432.2700,422.2900,427.4800,413.2967,479118444,0.0000
2023-09-22,443.0500,444.9700,429.9900,430.4200,416.1392,409754973,0.0000
2023-09-15,448.2400,451.0800,442.9200,443.3700,428.6595,383224485,1.5832
2023-09-08,450.7300,451.0600,442.7500,445.5200,429.2056,258348585,0.0000
2023-09-01,442.2400,453.6700,439.9728,451.1900,434.6680,338759881,0.0000
2023-08-25,437.5500,445.2200,435.0000,439.9700,423.8588,393065214,0.0000
2023-08-18,444.7000,448.1100,433.0100,436.5000,420.5159,398245456,0.0000
2023-08-11,448.7100,451.7000,443.3450,445.6500,429.3308,370204760,0.0000
2023-08-04,457.4100,458.1600,446.2700,446.8100,430.4484,376024611,0.0000
2023-07-28,453.3700,459.4400,451.5500,456.9200,440.1881,352473672,0.0000
2023-07-21,449.1300,456.4300,449.0800,452.1800,435.6217,341183617,0.0000
2023-07-14,438.1800,451.3600,437.5850,449.2800,432.8279,361072844,0.0000
2023-07-07,442.9200,444.0800,437.0600,438.5500,422.4908,258004290,0.0000
2023-06-30,432.6200,444.3000,431.1900,443.2800,427.0476,394119558,0.0000
2023-06-23,437.4500,438.3700,432.4700,433.2100,417.3464,315854322,0.0000
2023-06-16,430.9200,443.9000,430.1700,439.4600,423.3675,497237427,1.6384
2023-06-09,428.2800,431.9900,425.8200,429.9000,412.6193,362455718,0.0000
2023-06-02,422.0300,428.7400,416.2200,427.9200,410.7189,358857521,0.0000
2023-05-26,418.6400,420.7700,409.8795,420.0200,403.1364,421134151,0.0000
2023-05-19,412.2200,420.7200,410.2300,418.6200,401.7927,400252347,0.0000
2023-05-12,412.9700,414.5350,408.8700,411.5900,395.0453,336048421,0.0000
2023-05-05,415.4700,417.6200,403.7400,412.6300,396.0435,440446161,0.0000
2023-04-28,411.9900,415.9400,403.7800,415.9300,399.2108,422820175,0.0000
2023-04-21,412.3700,415.7200,410.1700,412.2000,395.6308,333581642,0.0000
2023-04-14,406.6100,415.0900,405.9700,412.4600,395.8803,373375620,0.0000
2023-04-06,408.8500,411.9200,405.6780,409.1900,392.7418,262936219,0.0000
2023-03-31,398.1200,409.7000,393.6900,409.3900,392.9337,396282637,0.0000
2023-03-24,390.8000,402.4900,389.4000,395.7500,379.8420,523448057,0.0000
2023-03-17,381.8100,396.4700,380.6500,389.9900,374.3135,764846608,1.5062
2023-03-10,405.0500,407.4500,384.3200,385.9100,368.9725,557051492,0.0000
2023-03-03,399.8700,404.4500,392.3300,404.1900,386.4502,452114804,0.0000
2023-02-24,403.0600,404.1600,393.6400,396.3800,378.9830,370835029,0.0000
2023-02-17,408.7200,415.0500,404.0500,407.2600,389.3855,380677415,0.0000
2023-02-10,409.7900,416.4900,405.0100,408.0400,390.1312,376978106,0.0000
2023-02-03,402.8000,418.3100,400.2800,412.3500,394.2521,458864203,0.0000
2023-01-27,396.7200,408.1600,393.5600,405.6800,387.8748,369137564,0.0000
2023-01-20,398.4800,400.2300,387.2600,395.8800,378.5049,341074818,0.0000
2023-01-13,390.3700,399.1000,386.2700,398.5000,381.0099,362278876,0.0000
2023-01-06,384.3700,389.2500,377.8310,388.0800,371.0473,341944888,0.0000
2022-12-30,382.7900,384.3500,376.4200,382.4300,365.6453,273542782,0.0000
2022-12-23,383.4700,387.4100,374.7700,382.9100,366.1042,392450896,0.0000
2022-12-16,394.1100,410.4900,381.0400,383.2700,366.4484,544863559,1.7814
2022-12-09,403.9500,404.9300,391.6400,393.2800,374.2794,363375573,0.0000
2022-12-02,399.0900,410.0000,393.3000,406.9100,387.2509,426639342,0.0000
2022-11-25,394.6400,402.9300,392.6600,402.3300,382.8922,210479276,0.0000
2022-11-18,396.6600,402.3100,390.1400,396.0300,376.8966,401014777,0.0000
2022-11-11,377.7100,399.3500,373.6100,398.5100,379.2568,466719198,0.0000
2022-11-04,386.4400,390.3900,368.7900,376.3500,358.1674,499634509,0.0000
2022-10-28,375.8900,389.5200,373.1100,389.0200,370.2253,450644317,0.0000
2022-10-21,364.0100,375.4500,357.2808,374.2900,356.2069,489399410,0.0000
2022-10-14,363.9600,370.2600,348.1100,357.6300,340.3518,516508880,0.0000
2022-10-07,361.0800,379.4600,359.2100,362.7900,345.2625,471547964,0.0000
2022-09-30,366.4100,372.3000,357.0400,357.1800,339.9235,578341093,0.0000
2022-09-23,382.2600,389.3100,363.2900,367.9500,350.1732,467112786,0.0000
2022-09-16,408.7800,411.7300,382.1100,385.5600,366.9324,467945749,1.5964
2022-09-09,393.1300,407.5100,388.4200,406.6000,385.3603,303290947,0.0000
2022-09-02,402.2000,405.8400,390.0400,392.2400,371.7505,404343512,0.0000
2022-08-26,417.0500,419.9600,405.2500,405.3100,384.1377,330007921,0.0000
2022-08-19,424.7650,431.7300,421.2200,422.1400,400.0886,293940821,0.0000
2022-08-12,415.2500,427.2100,410.2200,427.1000,404.7895,288807695,0.0000
2022-08-05,409.1500,415.6800,406.8200,413.4700,391.8715,303724947,0.0000
2022-07-29,395.7500,413.0300,389.9500,411.9900,390.4688,349890219,0.0000
2022-07-22,388.3800,400.1800,380.6600,395.0900,374.4516,350654555,0.0000
2022-07-15,385.8500,386.8700,371.0400,385.1300,365.0119,373575974,0.0000
2022-07-08,375.8800,390.6400,372.9000,388.6700,368.3669,288787893,0.0000
2022-07-01,391.0500,393.1600,372.5600,381.2400,361.3251,405723442,0.0000
2022-06-24,371.8900,390.0900,370.1800,390.0800,369.7033,344213753,0.0000
2022-06-17,379.8500,383.9000,362.1700,365.8600,346.7485,645270681,1.5769
2022-06-10,414.7800,416.6090,389.7500,389.8000,367.8525,400314857,0.0000
2022-06-03,413.5500,417.4400,406.9300,410.5400,387.4247,334006707,0.0000
2022-05-27,392.8300,415.3801,386.9600,415.2600,391.8789,426273624,0.0000
2022-05-20,399.9800,408.5700,380.5400,389.6300,367.6920,509269611,0.0000
2022-05-13,405.1000,406.4100,385.1500,401.7200,379.1013,659709433,0.0000
2022-05-06,412.0700,429.6600,405.0200,411.3400,388.1797,724147593,0.0000
2022-04-29,423.6700,429.6400,411.2100,412.0000,388.8025,593265218,0.0000
2022-04-22,436.8100,450.0100,425.4400,426.0400,402.0520,425852611,0.0000
2022-04-14,444.1100,445.7500,436.6501,437.7900,413.1404,346074018,0.0000
2022-04-08,453.1300,457.8300,443.4700,447.5700,422.3697,396609932,0.0000
2022-04-01,452.0600,462.0700,449.1400,452.9200,427.4185,445526972,0.0000
2022-03-25,444.3400,452.9800,440.6800,452.6900,427.2015,381101588,0.0000
2022-03-18,420.8900,444.8600,415.7900,444.5200,419.4915,552245965,1.3660
2022-03-11,431.5500,432.3018,415.1200,420.0700,395.2037,609269001,0.0000
2022-03-04,432.0300,441.1100,427.1100,432.1700,406.5874,620712433,0.0000
2022-02-25,431.8900,437.8400,410.6400,437.7500,411.8371,590470539,0.0000
2022-02-18,439.9200,448.0550,431.8200,434.2300,408.5255,531431354,0.0000
2022-02-11,449.5100,457.8800,438.9400,440.4600,414.3867,551393133,0.0000
2022-02-04,441.2400,458.1200,439.8100,448.7000,422.1389,629246554,0.0000
2022-01-28,432.0300,444.0400,420.7600,441.9500,415.7885,921220809,0.0000
2022-01-21,459.7400,459.9600,437.9500,437.9800,412.0535,537444556,0.0000
2022-01-14,462.7000,473.2000,456.5973,464.7200,437.2106,447364480,0.0000
2022-01-07,476.3000,479.9800,464.6500,466.0900,438.4995,420356344,0.0000
2021-12-31,472.0600,479.0000,472.0100,474.9600,446.8444,277532646,0.0000
2021-12-23,454.4800,472.1900,451.1400,470.6000,442.7425,292271050,0.0000
2021-12-17,470.1900,472.8700,458.0600,459.8700,432.6477,554093195,1.6335
2021-12-10,456.1300,470.9000,453.5600,470.7400,441.3067,405133322,0.0000
2021-12-03,464.0700,466.5600,448.9200,453.4200,425.0696,632283656,0.0000
2021-11-26,470.8900,473.5400,457.7700,458.9700,430.2726,320496941,0.0000
2021-11-19,468.6400,470.9400,466.2300,468.8900,439.5723,251637471,0.0000
2021-11-12,469.7000,470.2300,462.0400,467.2700,438.0536,255933870,0.0000
2021-11-05,460.3000,470.6500,458.2000,468.5300,439.2349,267062003,0.0000
2021-10-29,454.2800,459.5600,452.3900,459.2500,430.5351,295327988,0.0000
2021-10-22,443.9700,454.6700,443.2700,453.1200,424.7884,258932150,0.0000
2021-10-15,437.1600,446.2600,431.5400,445.8700,417.9917,345885462,0.0000
2021-10-08,433.0000,441.6800,426.3600,437.8600,410.4825,479279625,0.0000
2021-10-01,442.8100,444.0500,427.2300,434.2400,407.0889,543882712,0.0000
2021-09-24,434.8800,444.8900,428.8600,443.9100,416.1542,499812607,0.0000
2021-09-17,448.6400,448.9200,441.0200,441.4000,413.8012,436939783,1.4281
2021-09-10,452.7100,452.8100,445.3100,445.4400,416.2418,255772022,0.0000
2021-09-03,450.9700,454.0500,450.7100,453.0800,423.3811,246444177,0.0000
2021-08-27,445.1600,450.6500,443.4355,450.2500,420.7366,269312148,0.0000
2021-08-20,444.5300,447.1100,436.1200,443.3600,414.2982,420777686,0.0000
2021-08-13,442.4600,445.9400,441.3100,445.9200,416.6904,206211782,0.0000
2021-08-06,440.3400,442.9400,436.1000,442.4900,413.4852,249469072,0.0000
2021-07-30,439.3100,441.8000,435.9900,438.5100,409.7661,278450184,0.0000
2021-07-23,426.1900,440.3000,421.9700,439.9400,411.1024,423964739,0.0000
2021-07-16,435.4300,437.9200,430.9200,431.3400,403.0661,300932269,0.0000
2021-07-09,433.7800,435.8400,427.5200,435.5200,406.9721,306093691,0.0000
2021-07-02,427.1700,434.1000,425.8900,433.7200,405.2901,265096649,0.0000
2021-06-25,416.8000,427.0943,415.9300,426.6100,398.6461,283207558,0.0000
2021-06-18,424.4300,425.4600,414.7000,414.9200,387.7224,382743016,1.3759
2021-06-11,422.5900,424.6300,420.3200,424.3100,395.1865,243716628,0.0000
2021-06-04,422.5700,422.9200,416.2800,422.6000,393.5938,217391238,0.0000
2021-05-28,417.3400,421.2500,417.0800,420.0400,391.2095,267144557,0.0000
2021-05-21,415.3900,418.2000,405.3300,414.9400,386.4596,386007391,0.0000
2021-05-14,422.5000,422.7400,404.0000,416.5800,387.9870,522147059,0.0000
2021-05-07,419.4300,422.8150,411.6700,422.1200,393.1468,351735274,0.0000
2021-04-30,417.4400,420.7200,416.3000,417.3000,388.6576,318795661,0.0000
2021-04-23,416.2600,418.2500,410.5900,416.7400,388.1360,398002290,0.0000
2021-04-16,410.8500,417.9100,410.2000,417.2600,388.6204,317182914,0.0000
2021-04-09,403.4600,411.6700,403.3800,411.4900,383.2464,328509670,0.0000
2021-04-01,394.4000,400.6700,392.8100,400.6100,373.1132,396786965,0.0000
2021-03-26,390.0300,396.4100,383.9000,395.9800,368.8010,492591578,0.0000
2021-03-19,394.3300,398.1200,387.1500,389.4800,362.7471,474247664,1.2778
2021-03-12,384.6600,395.6500,381.4200,394.0600,365.8126,497580816,0.0000
2021-03-05,385.5900,390.9200,371.8800,383.6300,356.1303,640356985,0.0000
2021-02-26,387.0600,392.2300,378.2300,380.3600,353.0947,540478477,0.0000
2021-02-19,393.9600,394.1700,387.7400,390.0300,362.0715,245672988,0.0000
2021-02-12,389.2700,392.9000,387.5000,392.6400,364.4944,224377311,0.0000
2021-02-05,373.7200,388.4700,370.3760,387.7100,359.9178,286980796,0.0000
2021-01-29,383.6700,385.8500,368.2700,370.0700,343.5423,457381555,0.0000
2021-01-22,378.3400,384.9500,376.7500,382.8800,355.4340,213162102,0.0000
2021-01-15,377.8500,381.1300,373.7000,375.7000,348.7687,305069527,0.0000
2021-01-08,375.3100,381.4900,364.8200,381.2600,353.9301,425078734,0.0000
2020-12-31,371.7400,374.6600,370.8300,373.8800,347.0792,219589121,0.0000
2020-12-24,364.9700,378.4600,362.0300,369.0000,342.5490,217434462,0.0000
2020-12-18,368.6400,372.4600,364.4700,369.1800,342.7161,392369590,1.5800
2020-12-11,369.0200,371.0500,363.2600,366.3000,338.5934,280935407,0.0000
2020-12-04,362.8300,369.8500,359.1700,369.8500,341.8749,315941236,0.0000
2020-11-27,357.2800,364.1800,354.8650,363.6700,336.1624,198060573,0.0000
2020-11-20,360.9800,362.7800,354.1500,355.3300,328.4532,341596283,0.0000
2020-11-13,363.9700,364.3800,350.5100,358.1000,331.0137,447583265,0.0000
2020-11-06,330.2000,352.1900,327.2400,350.1600,323.6742,463334913,0.0000
2020-10-30,342.1300,342.9800,322.6000,326.5400,301.8408,495607791,0.0000
2020-10-23,348.6500,349.3300,340.6500,345.7800,319.6255,296595696,0.0000
2020-10-16,349.5900,354.0200,343.1300,347.2900,321.0213,361462322,0.0000
2020-10-09,336.0600,347.3500,334.3800,346.8500,320.6146,297612670,0.0000
2020-10-02,333.2200,338.7400,331.1900,333.8400,308.5887,398327201,0.0000
2020-09-25,325.7000,331.2000,319.8000,328.7300,303.8652,403925934,0.0000
2020-09-18,337.4900,343.0600,327.9700,330.6500,305.6400,398139085,1.3392
2020-09-11,336.7100,342.6400,331.0000,334.0600,307.5464,381177354,0.0000
2020-09-04,350.3500,358.7500,334.8700,342.5700,315.3810,477805953,0.0000
2020-08-28,342.1200,350.7200,339.4504,350.5800,322.7552,244465362,0.0000
2020-08-21,337.9400,339.7200,335.2200,339.4800,312.5362,238598608,0.0000
2020-08-14,335.0600,338.2800,332.0100,336.8400,310.1057,256785840,0.0000
2020-08-07,328.3200,334.8800,327.7300,334.5700,308.0159,238849912,0.0000
2020-07-31,321.6300,326.6300,319.6400,326.5200,300.6048,301314577,0.0000
2020-07-24,321.4300,327.2300,319.2460,320.8800,295.4124,320693046,0.0000
2020-07-17,320.1300,323.0400,312.0000,321.7200,296.1858,401117686,0.0000
2020-07-10,316.3700,317.8800,310.6800,317.5900,292.3836,338468794,0.0000
2020-07-02,301.4100,315.7000,298.9300,312.2300,287.4490,333726878,0.0000
2020-06-26,307.9900,314.5000,299.4200,300.0500,276.2357,490919328,0.0000
2020-06-19,298.0200,315.6400,296.7400,308.6400,284.1439,570398924,1.3662
2020-06-12,320.2200,323.4100,298.6000,304.2100,278.8312,647165283,0.0000
2020-06-05,303.6200,321.2700,303.0600,319.3400,292.6990,446855391,0.0000
2020-05-29,301.9300,306.8400,295.4600,304.3200,278.9320,401990665,0.0000
2020-05-22,293.0500,297.8700,291.9500,295.4400,270.7929,440877962,0.0000
2020-05-15,290.3400,294.2400,272.9900,286.2800,262.3970,549992076,0.0000
2020-05-08,280.7400,292.9500,279.1300,292.4400,268.0431,383876931,0.0000
2020-05-01,285.1200,294.8800,281.5200,282.7900,259.1982,546963684,0.0000
2020-04-24,282.6100,286.7900,272.0200,282.9700,259.3632,506655211,0.0000
2020-04-17,277.1400,287.3000,271.4100,286.6400,262.7270,641620261,0.0000
2020-04-09,257.8400,281.2000,248.1700,278.2000,254.9911,728498717,0.0000
2020-04-03,255.7000,263.3300,243.9000,248.1900,227.4847,864147042,0.0000
2020-03-27,228.1900,262.8000,218.2600,253.4200,232.2784,1334107144,0.0000
2020-03-20,241.1800,256.9000,228.0200,228.8000,209.7123,1512832294,1.4056
2020-03-13,275.3000,288.5200,247.6800,269.3200,245.3447,1551233497,0.0000
2020-03-06,298.2100,313.8400,290.2300,297.4600,270.9797,1125972614,0.0000
2020-02-28,323.1400,333.5600,285.5400,296.2600,269.8865,1238830271,0.0000
2020-02-21,336.5100,339.0800,332.5800,333.4800,303.7931,293330620,0.0000
2020-02-14,331.2300,338.1200,331.1900,337.6000,307.5463,257953060,0.0000
2020-02-07,323.3500,334.1900,323.2200,332.2000,302.6271,309558055,0.0000
2020-01-31,323.0300,328.6300,320.7300,321.7300,293.0891,389876253,0.0000
2020-01-24,330.9000,332.9500,327.3600,328.7700,299.5024,265623236,0.0000
2020-01-17,326.3900,332.1800,325.9200,331.9500,302.3993,331248745,0.0000
2020-01-10,320.4900,327.4600,320.3600,325.7100,296.7148,265686067,0.0000
2020-01-03,322.9500,324.8900,320.1500,322.4100,293.7086,243457887,0.0000
2019-12-27,321.5900,323.8000,320.9000,322.8600,294.1185,146628680,0.0000
2019-12-20,319.2200,321.9700,317.2500,320.7300,292.1781,426971078,1.5700
2019-12-13,314.4400,318.6700,312.8100,317.3200,287.6636,311812271,0.0000
2019-12-06,314.5900,315.3100,307.1300,314.8700,285.4425,289095811,0.0000
2019-11-29,311.9800,315.4800,311.9800,314.3100,284.9349,166974740,0.0000
2019-11-22,311.5300,312.6900,309.0600,310.9600,281.8980,295356140,0.0000
2019-11-15,307.4200,311.8400,307.2700,311.7900,282.6504,249318377,0.0000
2019-11-08,307.8500,309.6500,306.0600,308.9400,280.0667,252325836,0.0000
2019-11-01,302.9400,306.1900,301.7300,306.1400,277.5284,273945786,0.0000
2019-10-25,299.4200,302.2000,298.5000,301.6000,273.4127,204108233,0.0000
2019-10-18,295.9300,300.2400,295.5700,297.9700,270.1220,249854027,0.0000
2019-10-11,293.4700,298.7400,288.4900,296.2800,268.5899,381818226,0.0000
2019-10-04,295.9700,298.4600,284.8200,294.3500,266.8403,418528028,0.0000
2019-09-27,297.5500,299.8400,293.6900,295.4000,267.7922,360912367,0.0000
2019-09-20,299.8400,302.6300,297.4100,298.2800,270.4030,349452658,1.3836
2019-09-13,299.1400,302.4600,295.9700,301.0900,271.6901,311392980,0.0000
2019-09-06,290.5700,298.8300,289.2700,298.0500,268.9470,248600633,0.0000
2019-08-30,287.2700,294.2400,285.2500,292.4500,263.8938,320605162,0.0000
2019-08-23,292.1900,293.9300,283.4700,284.8500,257.0359,356073778,0.0000
2019-08-16,289.9600,294.1500,282.3900,288.8500,260.6453,480799656,0.0000
2019-08-09,288.0900,293.6200,281.7200,291.6200,263.1448,621473258,0.0000
2019-08-02,301.8800,302.0100,290.9000,292.6200,264.0472,447616940,0.0000
2019-07-26,297.6100,302.2300,297.0400,302.0100,272.5203,236036760,0.0000
2019-07-19,301.1300,301.1300,296.7000,297.1700,268.1529,241363593,0.0000
2019-07-12,297.0100,300.7300,295.4800,300.6500,271.2931,236782500,0.0000
2019-07-05,296.6800,298.8200,294.3300,298.4600,269.3169,233188240,0.0000
2019-06-28,294.2300,294.5800,290.3500,293.0000,264.3901,280902456,0.0000
2019-06-21,289.5200,296.3100,289.1800,294.0000,265.2924,403194392,1.4316
2019-06-14,289.3700,291.4000,287.8200,289.2600,259.7504,267806562,0.0000
2019-06-07,275.3100,288.8500,273.0900,287.6500,258.3047,388532138,0.0000
2019-05-31,283.0900,284.1500,275.2400,275.2700,247.1877,324388845,0.0000
2019-05-24,284.0600,286.9300,280.5700,282.7800,253.9315,313209109,0.0000
2019-05-17,282.4200,289.2100,279.9300,285.8400,256.6793,455352831,0.0000
2019-05-10,289.2500,293.3100,282.3000,288.1000,258.7088,559396661,0.0000
2019-05-03,293.5100,294.9500,289.5200,294.0300,264.0338,331555173,0.0000
2019-04-26,289.1700,293.4900,289.0700,293.4100,263.4771,251486972,0.0000
2019-04-18,290.2400,291.4300,288.6600,290.0200,260.4329,228726690,0.0000
2019-04-12,288.1000,290.4700,286.7000,290.1600,260.5586,297131032,0.0000
2019-04-05,284.7000,288.6300,284.4000,288.5700,259.1308,293550732,0.0000
2019-03-29,278.8700,282.8400,277.6400,282.4800,253.6621,364351190,0.0000
2019-03-22,281.5500,285.1800,279.1800,279.2500,250.7616,439286798,0.0000
2019-03-15,275.2600,282.3800,275.2300,281.3100,252.6115,374232925,1.2331
2019-03-08,281.6000,281.8700,272.4200,274.4600,245.3847,421329855,0.0000
2019-03-01,280.7300,281.3100,277.4800,280.4200,250.7133,330945211,0.0000
2019-02-22,276.4800,279.3600,276.3500,279.1400,249.5689,278060914,0.0000
2019-02-15,271.2000,277.4100,270.0300,277.3700,247.9864,385891903,0.0000
2019-02-08,270.1100,273.4400,267.8300,270.4700,241.8174,369916231,0.0000
2019-02-01,263.3900,271.2000,261.7900,270.0600,241.4508,434018257,0.0000
2019-01-25,264.8200,266.7000,260.6600,265.7800,237.6242,357648967,0.0000
2019-01-18,256.8600,266.9800,256.4100,266.4600,238.2322,457771946,0.0000
2019-01-11,252.6900,259.1600,251.6900,258.9800,231.5446,471340274,0.0000
2019-01-04,249.5600,253.1100,243.6700,252.3900,225.6527,557994095,0.0000
2018-12-28,239.0400,251.4000,233.7600,247.7500,221.5042,705164479,0.0000
2018-12-21,259.4000,260.6500,239.9800,240.7000,215.2011,1022399124,1.4354
2018-12-14,263.3700,269.0000,258.6200,260.4700,231.4962,584550810,0.0000
2018-12-07,280.2800,280.4000,262.4400,263.5700,234.2514,646208066,0.0000
2018-11-30,265.7800,276.2800,265.3400,275.6500,244.9876,463664046,0.0000
2018-11-23,273.0500,273.3800,263.0700,263.2500,233.9670,357454638,0.0000
2018-11-16,277.1900,277.4600,267.0100,273.7300,243.2812,584955592,0.0000
2018-11-09,272.4400,281.2200,271.3500,277.7600,246.8629,392857922,0.0000
2018-11-02,268.8000,275.2300,259.8500,271.8900,241.6459,668290565,0.0000
2018-10-26,277.0000,277.3600,262.2900,265.3300,235.8156,746211369,0.0000
2018-10-19,275.5500,281.1500,274.3000,276.2500,245.5209,605604697,0.0000
2018-10-12,287.0500,288.8600,270.3600,275.9500,245.2543,834839179,0.0000
2018-10-05,292.1100,293.2100,286.2200,287.8200,255.8039,391529366,0.0000
2018-09-28,291.3400,292.2400,289.4100,290.7200,258.3813,306860196,0.0000
2018-09-21,290.8200,293.9400,289.0300,291.9900,259.5100,385095314,1.3226
2018-09-14,288.7400,291.2700,286.9800,290.8800,257.3578,266646460,0.0000
2018-09-07,289.8400,290.2100,286.7100,287.6000,254.4558,269481491,0.0000
2018-08-31,288.8600,291.7400,288.6800,290.3100,256.8535,292871702,0.0000
2018-08-24,285.5700,287.6700,285.0600,287.5100,254.3761,258765056,0.0000
2018-08-17,283.4700,285.5600,280.1600,285.0600,252.2085,348086695,0.0000
2018-08-10,283.6400,286.0100,282.3600,283.1600,250.5275,237505104,0.0000
2018-08-03,281.5100,283.6600,279.1600,283.6000,250.9168,303528076,0.0000
2018-07-27,279.4500,284.3700,279.0600,281.4200,248.9880,328660099,0.0000
2018-07-20,279.6400,281.1800,278.4100,279.6800,247.4485,288894849,0.0000
2018-07-13,276.5500,279.9300,276.5000,279.5900,247.3689,287931618,0.0000
2018-07-06,269.5100,275.8400,269.2400,275.4200,243.6794,229161460,0.0000
2018-06-29,273.4400,273.8700,268.4900,271.2800,240.0166,485741044,0.0000
2018-06-22,275.4900,276.7200,273.5300,274.7400,243.0778,331907984,0.0000
2018-06-15,278.4400,279.4800,275.3500,277.1300,245.1924,407431335,1.2456
2018-06-08,274.5300,278.2800,274.1800,278.1900,245.0289,304361540,0.0000
2018-06-01,270.3100,273.9400,267.7600,273.6000,240.9860,350365408,0.0000
2018-05-25,273.0100,274.2500,270.7800,272.1500,239.7089,308104999,0.0000
2018-05-18,273.3400,274.0800,270.0300,271.3300,238.9866,316673732,0.0000
2018-05-11,266.8900,273.1500,265.1500,272.8500,240.3254,314405739,0.0000
2018-05-04,267.2600,267.8900,259.0500,266.0200,234.3096,470288186,0.0000
2018-04-27,267.2600,267.9800,260.8500,266.5600,234.7852,406985748,0.0000
2018-04-20,267.0000,271.3000,265.6100,266.6100,234.8293,363000222,0.0000
2018-04-13,261.3700,267.5400,259.9400,265.1500,233.5433,456126567,0.0000
2018-04-06,262.5500,266.6400,254.6700,259.7200,228.7606,692132370,0.0000
2018-03-29,262.1300,266.7700,258.5800,263.1500,231.7817,542594643,0.0000
2018-03-23,273.3500,274.4000,257.8300,258.0500,227.2897,579995958,0.0000
2018-03-16,279.2000,280.4100,274.1400,274.2000,241.5145,453565520,1.0968
2018-03-09,267.7300,278.8700,267.6100,278.8700,244.6493,444110537,0.0000
2018-03-02,275.9300,278.9200,264.8200,269.0800,236.0606,623436632,0.0000
2018-02-23,272.0300,274.7200,269.6400,274.7100,240.9997,388531120,0.0000
2018-02-16,263.8300,275.3200,261.6600,273.1100,239.5961,617315722,0.0000
2018-02-09,273.4500,275.8500,252.9200,261.5000,229.4108,1347099518,0.0000
2018-02-02,285.9300,286.4300,275.4100,275.4500,241.6489,604140147,0.0000
2018-01-26,280.1700,286.6300,280.1100,286.5800,251.4132,515553657,0.0000
2018-01-19,279.3500,280.4100,276.1800,280.4100,246.0003,461462045,0.0000
2018-01-12,273.3100,278.1100,272.9200,277.9200,243.8158,337324998,0.0000
2018-01-05,267.8400,273.5600,267.4000,273.4200,239.8680,340886568,0.0000
2017-12-29,267.0500,268.5500,266.6400,266.8600,234.1130,244118982,0.0000
2017-12-22,268.1000,268.6000,266.6900,267.5100,234.6833,388541160,0.0000
2017-12-15,266.3100,267.5600,265.3900,266.5100,233.8060,516455674,1.3513
2017-12-08,266.3100,266.8000,262.7100,265.5100,231.7536,401716112,0.0000
2017-12-01,260.4100,266.0500,260.0000,264.4600,230.8371,521044034,0.0000
2017-11-24,258.1400,260.4800,257.8600,260.3600,227.2584,190142219,0.0000
2017-11-17,257.3100,259.0400,255.6300,257.8600,225.0762,335889185,0.0000
2017-11-10,258.3000,259.3500,256.3600,258.0900,225.2770,311590044,0.0000
2017-11-03,256.4700,258.5000,256.1900,258.4500,225.5912,284832469,0.0000
2017-10-27,257.4800,257.8900,254.0000,257.7100,224.9453,389927023,0.0000
2017-10-20,255.2100,257.1400,254.3500,257.1100,224.4216,261751134,0.0000
2017-10-13,254.6300,255.2700,253.6500,254.9500,222.5362,228400405,0.0000
2017-10-06,251.4900,254.7000,251.2900,254.3700,222.0299,325955528,0.0000
2017-09-29,249.1500,251.3200,248.0800,251.2300,219.2891,322504585,0.0000
2017-09-22,249.6100,250.1900,248.9200,249.4400,217.7267,252342899,0.0000
2017-09-15,248.0400,250.3200,248.0200,249.1900,217.5085,378367608,1.2346
2017-09-08,247.2600,247.5200,244.9500,246.5800,214.1693,271183199,0.0000
2017-09-01,245.1700,248.3300,242.9300,247.8400,215.2636,319542995,0.0000
2017-08-25,242.6400,245.6200,241.8300,244.5600,212.4148,294001257,0.0000
2017-08-18,245.5900,247.5700,242.2000,242.7100,210.8079,450346988,0.0000
2017-08-11,247.4900,248.9100,243.7000,244.1200,212.0326,351469036,0.0000
2017-08-04,247.3700,247.7900,246.3700,247.4100,214.8902,269077813,0.0000
2017-07-28,246.7900,248.0000,245.6800,246.9100,214.4559,269953776,0.0000
2017-07-21,245.4700,247.4200,244.6700,246.8800,214.4298,263085383,0.0000
2017-07-14,241.9500,245.9700,240.8500,245.5600,213.2833,246270520,0.0000
2017-07-07,242.8800,243.3800,240.3400,242.1100,210.2868,215044200,0.0000
2017-06-30,243.9000,244.3800,239.9600,241.8000,210.0175,385280600,0.0000
2017-06-23,243.5900,244.7300,242.4100,243.1300,211.1727,289142700,0.0000
2017-06-16,243.1300,244.8700,241.6300,242.6400,210.7471,375795400,1.1831
2017-06-09,243.9700,245.0100,241.9500,243.4100,210.3901,347425600,0.0000
2017-06-02,241.3400,244.3500,240.6400,244.1700,211.0470,284626000,0.0000
2017-05-26,238.9000,242.0800,238.8200,241.7100,208.9207,263756200,0.0000
2017-05-19,239.4700,240.6700,235.4300,238.3100,205.9819,507393900,0.0000
2017-05-12,239.7500,240.1900,238.1300,238.9800,206.5610,270313700,0.0000
2017-05-05,238.6800,239.7200,237.7000,239.7000,207.1833,320859900,0.0000
2017-04-28,237.1800,239.5300,234.5600,238.0800,205.7831,401553800,0.0000
2017-04-21,233.1100,235.8500,232.8800,234.5900,202.7665,423293100,0.0000
2017-04-13,235.3600,236.2600,232.5100,232.5100,200.9687,330405400,0.0000
2017-04-07,235.8000,237.3900,233.9100,235.2000,203.2938,394361400,0.0000
2017-03-31,231.9300,236.5200,231.6100,235.7400,203.7605,373359800,0.0000
2017-03-24,237.0300,237.6100,232.9600,233.8600,202.1356,494830700,0.0000
2017-03-17,237.6200,239.4400,236.1900,237.0300,204.8755,380565500,1.0331
2017-03-10,237.5000,238.1200,235.7400,237.6900,204.5544,371339600,0.0000
2017-03-03,236.6400,240.3200,236.0200,238.4200,205.1827,454855800,0.0000
2017-02-24,235.5200,236.9000,235.4100,236.7400,203.7369,308058800,0.0000
2017-02-17,232.0800,235.1600,232.0500,235.0900,202.3169,375003400,0.0000
2017-02-10,228.8700,231.7700,228.3100,231.5100,199.2360,299258600,0.0000
2017-02-03,228.1700,229.5500,226.3200,229.3400,197.3685,384956600,0.0000
2017-01-27,226.7400,229.7100,225.2700,228.9700,197.0501,374736400,0.0000
2017-01-20,226.3100,227.3100,225.4100,226.7400,195.1309,311811500,0.0000
2017-01-13,226.9100,227.4500,224.9600,227.0500,195.3977,320192700,0.0000
2017-01-06,225.0400,227.7500,223.8800,227.2100,195.5354,320049800,0.0000
2016-12-30,226.0200,226.7300,222.7300,223.5300,192.3684,264461900,0.0000
2016-12-23,225.2500,226.5700,224.9200,225.7100,194.2445,340559400,0.0000
2016-12-16,226.4000,228.3400,224.6700,225.0400,193.6679,636388200,1.3289
2016-12-09,220.6500,226.5300,220.4200,226.5100,193.7886,426173500,0.0000
2016-12-02,221.1600,221.8200,219.1500,219.6800,187.9453,413631800,0.0000
2016-11-25,219.1700,221.5600,219.0000,221.5200,189.5195,234324100,0.0000
2016-11-18,217.0300,219.2700,215.7200,218.5000,186.9357,407913300,0.0000
2016-11-11,208.5500,218.3100,208.5500,216.4200,185.1562,736452700,0.0000
2016-11-04,212.9300,213.1900,208.3800,208.5500,178.4231,485446500,0.0000
2016-10-28,215.0000,215.3200,211.7100,212.5400,181.8367,420237800,0.0000
2016-10-21,213.0900,214.6400,212.1700,213.9800,183.0687,364393500,0.0000
2016-10-14,216.1600,216.7000,211.2100,213.1200,182.3329,450791700,0.0000
2016-10-07,215.8200,216.3000,213.9900,215.0400,183.9756,428991900,0.0000
2016-09-30,215.0200,217.1200,213.6200,216.3000,185.0536,501006600,0.0000
2016-09-23,214.1300,217.5300,213.0300,215.9900,184.7883,410509800,0.0000
2016-09-16,212.3900,216.8100,212.3100,213.3700,182.5468,774789500,1.0821
2016-09-09,218.7000,219.2200,213.2500,213.2800,181.5491,428949000,0.0000
2016-09-02,217.4400,218.8700,216.0300,218.3700,185.8819,391024300,0.0000
2016-08-26,218.2600,219.6000,216.2500,217.2900,184.9625,378228000,0.0000
2016-08-19,218.8900,219.5000,217.0200,218.5400,186.0266,306593700,0.0000
2016-08-12,218.4000,218.9400,217.2300,218.4600,185.9585,282917100,0.0000
2016-08-05,217.1900,218.2300,214.2500,218.1800,185.7201,338078200,0.0000
2016-07-29,217.0000,217.5400,215.6200,217.1200,184.8178,354592600,0.0000
2016-07-22,215.9700,217.3700,215.6300,217.2400,184.9200,301795900,0.0000
2016-07-15,213.1900,217.0100,212.9500,215.8300,183.7197,460619900,0.0000
2016-07-08,208.9500,212.9400,207.0600,212.6500,181.0128,425390000,0.0000
2016-07-01,201.5900,210.4900,198.6500,209.9200,178.6890,798564000,0.0000
2016-06-24,208.8200,210.8700,202.7200,203.2400,173.0028,686987600,0.0000
2016-06-17,209.3600,210.3700,205.5900,206.5200,175.7949,618523800,1.0784
2016-06-10,210.7000,212.5200,209.4300,210.0700,177.8878,379648800,0.0000
2016-06-03,210.5600,210.9300,208.8600,210.2800,178.0656,344617400,0.0000
2016-05-27,205.5100,210.2500,204.9900,210.2400,178.0317,343451500,0.0000
2016-05-20,204.9600,207.3400,202.7800,205.4900,174.0094,532894700,0.0000
2016-05-13,205.5700,208.5400,204.3800,204.7600,173.3912,419635000,0.0000
2016-05-06,206.9200,208.1800,203.8800,205.7200,174.2042,407103400,0.0000
2016-04-29,208.2600,209.8100,205.0300,206.3300,174.7207,459000400,0.0000
2016-04-22,207.7800,210.9200,207.0000,208.9700,176.9563,429640800,0.0000
2016-04-15,205.2500,208.6000,203.7000,207.7800,175.9486,436419000,0.0000
2016-04-08,206.8300,207.0700,203.0900,204.5000,173.1711,463898600,0.0000
2016-04-01,203.6100,207.1400,202.4000,206.9200,175.2203,450704000,0.0000
2016-03-24,204.0700,205.2300,201.7400,203.1200,172.0025,335812000,0.0000
2016-03-18,202.1600,205.2300,201.0500,204.3800,173.0695,568735200,1.0496
2016-03-11,199.3400,202.8100,197.3800,202.7600,170.8204,613798300,0.0000
2016-03-04,195.1100,201.3500,193.3300,200.4300,168.8574,594598600,0.0000
2016-02-26,193.8700,196.6800,189.3200,195.0900,164.3586,606469800,0.0000
2016-02-19,188.7700,193.3200,187.6300,192.0000,161.7553,473396200,0.0000
2016-02-12,185.7700,188.3400,181.0900,186.6300,157.2313,870945200,0.0000
2016-02-05,192.5300,194.5800,187.1000,187.9500,158.3433,844001500,0.0000
2016-01-29,189.9200,193.8800,187.0600,193.7200,163.2044,811418300,0.0000
2016-01-22,189.9600,190.7600,181.0200,190.5200,160.5085,845884700,0.0000
2016-01-15,193.0100,194.8600,185.5200,187.8100,158.2254,1136476500,0.0000
2016-01-08,200.4900,201.9000,191.5800,191.9200,161.6879,908565200,0.0000
2015-12-31,204.8600,207.7900,203.8700,203.8700,171.7555,336736149,0.0000
2015-12-24,201.4100,206.3300,200.0900,205.6800,173.2804,369649914,0.0000
2015-12-18,202.0700,208.4800,199.8300,200.0200,168.5120,957957765,1.2115
2015-12-11,209.2300,209.7300,201.5100,201.8800,169.0550,695055228,0.0000
2015-12-04,209.7500,211.0000,204.7500,209.6200,175.5365,678260410,0.0000
2015-11-27,209.3800,209.9800,207.4100,209.5600,175.4863,253103378,0.0000
2015-11-20,202.3200,210.1200,202.1800,209.3100,175.2769,542343503,0.0000
2015-11-13,209.3100,209.4900,202.4400,202.5400,169.6077,549621483,0.0000
2015-11-06,208.3200,211.6600,208.1700,210.0400,175.8882,466621557,0.0000
2015-10-30,207.3000,209.4400,205.7900,207.9300,174.1213,504447900,0.0000
2015-10-23,202.5000,207.9500,201.6500,207.5200,173.7780,576364477,0.0000
2015-10-16,201.4200,203.2900,198.9400,203.2700,170.2190,492262711,0.0000
2015-10-09,196.4600,201.9000,196.3300,201.3300,168.5944,621027138,0.0000
2015-10-02,191.7800,195.0300,186.9300,195.0000,163.2937,843095793,0.0000
2015-09-25,196.4400,197.6800,190.5600,192.8700,161.5100,666841322,0.0000
2015-09-18,196.9500,202.8900,194.9600,195.3600,163.5951,792543790,1.0334
2015-09-11,195.9400,199.4700,194.2500,196.7400,163.8838,543675749,0.0000
2015-09-04,198.1100,199.1300,190.7300,192.5900,160.4269,938737336,0.0000
2015-08-28,187.4900,199.8400,182.4000,199.2400,165.9663,1650892615,0.0000
2015-08-21,208.7100,210.6800,197.5200,197.6300,164.6252,864546086,0.0000
2015-08-14,209.2800,210.6700,205.3600,209.3600,174.3963,540645506,0.0000
2015-08-07,210.4600,211.3100,206.8700,207.9200,173.1967,515462127,0.0000
2015-07-31,208.0000,211.4500,206.2600,210.4500,175.3042,556268413,0.0000
2015-07-24,212.7500,213.1800,207.6000,207.9400,173.2134,445343896,0.0000
2015-07-17,208.9900,212.5500,208.9400,212.4700,176.9869,481406355,0.0000
2015-07-10,205.7700,208.1700,204.1100,207.4800,172.8302,729385674,0.0000
2015-07-02,208.0500,209.8300,205.2800,207.3200,172.6969,625899963,0.0000
2015-06-26,211.9100,212.5900,209.1600,209.9000,174.8461,432762343,0.0000
2015-06-19,208.6400,213.3400,207.7900,210.8100,175.6041,632747684,1.0301
2015-06-12,209.6400,212.0900,207.6900,209.9300,174.0208,537908121,0.0000
2015-06-05,211.9400,212.6700,208.9800,209.7700,173.8881,546278167,0.0000
2015-05-29,212.4000,212.9800,210.2000,211.1400,175.0238,417416736,0.0000
2015-05-22,212.2400,213.7800,212.1600,212.9900,176.5573,345719905,0.0000
2015-05-15,211.5700,212.6100,208.6200,212.4400,176.1014,462547705,0.0000
2015-05-08,211.2300,212.0200,206.7600,211.6200,175.4217,563435742,0.0000
2015-05-01,212.3300,212.4800,207.6200,210.7200,174.6756,556611161,0.0000
2015-04-24,209.0600,211.9700,208.9000,211.6500,175.4465,406927257,0.0000
2015-04-17,209.8700,211.0400,207.0100,207.9500,172.3794,509113874,0.0000
2015-04-10,206.4400,210.0900,205.2100,210.0400,174.1119,443228200,0.0000
2015-04-02,206.9800,208.6100,204.5100,206.4400,171.1277,447153593,0.0000
2015-03-27,210.4200,211.1100,204.1200,205.7400,170.5475,581117772,0.0000
2015-03-20,206.7100,211.2700,205.8600,210.4100,174.4187,755050521,0.9308
2015-03-13,207.7400,208.7900,204.4000,205.8300,169.8706,613490290,0.0000
2015-03-06,210.7800,212.0600,207.1000,207.5000,171.2489,577315411,0.0000
2015-02-27,210.9400,212.2400,210.4800,210.6600,173.8568,400718844,0.0000
2015-02-20,209.4000,211.3300,208.7300,211.2400,174.3355,389980023,0.0000
2015-02-13,204.7700,209.8400,204.1400,209.7800,173.1305,465687363,0.0000
2015-02-06,200.0500,207.2400,197.8600,205.5500,169.6395,645251785,0.0000
2015-01-30,204.7100,205.5600,198.6800,199.4500,164.6052,765883769,0.0000
2015-01-23,202.4000,206.2600,200.1700,204.9700,169.1609,545806558,0.0000
2015-01-16,204.4100,205.4800,198.5500,201.6300,166.4044,940433976,0.0000
2015-01-09,204.1700,206.4200,198.8600,204.2500,168.5666,809915835,0.0000
2015-01-02,208.2200,208.9700,204.1800,205.4300,169.5405,404984403,0.0000
2014-12-26,206.7500,208.8500,206.4600,208.4400,172.0246,370776967,0.0000
2014-12-19,201.9800,212.9700,197.8600,206.5200,170.4401,1206138180,1.1349
2014-12-12,207.5200,208.1200,200.8500,200.8900,164.8875,754967596,0.0000
2014-12-05,206.4000,208.4700,205.3800,208.0000,170.7233,429769575,0.0000
2014-11-28,207.1700,207.8700,206.8000,207.2000,170.0667,265046980,0.0000
2014-11-21,203.8500,207.8400,203.6500,206.6800,169.6399,454049681,0.0000
2014-11-14,203.3800,204.8300,203.1300,204.2400,167.6371,376714066,0.0000
2014-11-07,201.9200,203.6000,200.0600,203.3400,166.8984,475414282,0.0000
2014-10-31,195.7300,201.8200,195.0300,201.6600,165.5195,592479572,0.0000
2014-10-24,188.1300,196.4900,188.0700,196.4300,161.2268,709653256,0.0000
2014-10-17,190.4600,191.1500,181.9200,188.4700,154.6934,1312516367,0.0000
2014-10-10,197.3400,197.6000,190.4900,190.5400,156.3924,871766841,0.0000
2014-10-03,196.2000,198.3000,192.3500,196.5200,161.3007,683065500,0.0000
2014-09-26,200.3500,200.3800,196.2700,197.9000,162.4334,598068480,0.0000
2014-09-19,199.1600,201.9000,198.3800,200.7000,164.7316,560507486,0.9392
2014-09-12,200.9200,201.2100,198.5600,199.1300,162.6817,404289798,0.0000
2014-09-05,200.9700,201.5800,199.4100,201.1100,164.2992,317300761,0.0000
2014-08-29,200.1400,200.8200,199.1500,200.7100,163.9725,283264025,0.0000
2014-08-22,196.8000,199.7600,196.6900,199.1900,162.7307,351219659,0.0000
2014-08-15,193.9700,196.6500,192.9400,195.7200,159.8958,414422834,0.0000
2014-08-08,192.8700,194.3000,190.5500,193.2400,157.8697,591596988,0.0000
2014-08-01,197.7600,198.4500,191.5700,192.5000,157.2652,626687893,0.0000
2014-07-25,197.0900,199.0600,196.4300,197.7200,161.5297,334606400,0.0000
2014-07-18,197.6100,198.2600,195.4300,197.7100,161.5216,519806269,0.0000
2014-07-11,197.8200,197.9800,195.0600,196.6100,160.6229,406115138,0.0000
2014-07-03,195.7000,198.2900,195.5300,198.2000,161.9219,266388013,0.0000
2014-06-27,195.9900,196.5000,194.1300,195.8200,159.9775,405395753,0.0000
2014-06-20,193.8900,196.6000,193.6600,195.9400,160.0755,464041003,0.9367
2014-06-13,195.3500,196.0500,193.1100,194.1300,157.8423,379388225,0.0000
2014-06-06,192.9500,195.4300,191.9700,195.3800,158.8586,356031024,0.0000
2014-05-30,191.0600,192.8000,190.9500,192.6800,156.6633,279425433,0.0000
2014-05-23,187.6900,190.4800,187.0700,190.3500,154.7689,386282594,0.0000
2014-05-16,188.8000,190.4200,186.4800,188.0500,152.8988,478174935,0.0000
2014-05-09,187.1400,189.0500,186.0100,187.9600,152.8256,445133526,0.0000
2014-05-02,187.0500,189.1400,184.9600,188.0600,152.9069,511867119,0.0000
2014-04-25,186.4400,188.4000,185.8700,186.2900,151.4678,416539155,0.0000
2014-04-17,182.9300,186.9100,181.4400,186.3900,151.5491,499925416,0.0000
2014-04-11,185.9500,187.1700,181.3100,181.5100,147.5813,693926189,0.0000
2014-04-04,186.6700,189.7000,185.5200,186.4000,151.5572,514434822,0.0000
2014-03-28,186.8400,187.3400,183.9000,185.4900,150.8173,589130083,0.0000
2014-03-21,185.5900,189.0200,185.4700,186.2000,151.3946,656800103,0.8246
2014-03-14,187.9700,188.7100,184.4400,184.6600,149.4805,587706347,0.0000
2014-03-07,184.6500,188.9600,183.7500,188.2600,152.3946,620401311,0.0000
2014-02-28,184.2800,187.1500,184.2000,186.2900,150.7999,574548693,0.0000
2014-02-21,184.1800,184.9500,182.6000,183.8900,148.8572,430099597,0.0000
2014-02-14,179.7000,184.3600,179.2100,184.0200,148.9624,501790836,0.0000
2014-02-07,177.9700,179.8700,173.7100,179.6800,145.4492,887744548,0.0000
2014-01-31,179.0600,179.8100,176.8800,178.1800,144.2350,821519337,0.0000
2014-01-24,184.7000,184.7700,178.8300,178.8900,144.8097,491065927,0.0000
2014-01-17,183.6700,184.9400,181.3400,183.6400,148.6548,533572850,0.0000
2014-01-10,183.4900,184.2200,182.0800,184.1400,149.0595,483464162,0.0000
2014-01-03,183.8700,184.6900,182.4800,182.8900,148.0477,344132434,0.0000
2013-12-27,182.4500,184.1800,182.0700,183.8500,148.8248,256145450,0.0000
2013-12-20,178.9500,181.9900,177.3200,181.5600,146.9710,754373276,0.9802
2013-12-13,181.4700,181.6700,177.7600,178.1100,143.4041,505063075,0.0000
2013-12-06,181.0900,181.4300,178.3500,180.9400,145.6826,573983305,0.0000
2013-11-29,181.1300,181.7500,180.3700,181.0000,145.7309,281150228,0.0000
2013-11-22,180.3500,180.8300,177.9800,180.8100,145.5779,497733184,0.0000
2013-11-15,177.1200,180.1200,176.0900,180.0500,144.9660,459176149,0.0000
2013-11-08,176.6900,177.6400,174.7600,177.2900,142.7438,551100747,0.0000
2013-11-01,175.8900,177.5100,175.2200,176.2100,141.8743,587725698,0.0000
2013-10-25,174.4500,176.0000,173.9600,175.9500,141.6650,499676619,0.0000
2013-10-18,169.2100,174.5100,169.0800,174.3900,140.4089,694193093,0.0000
2013-10-11,167.4200,170.3200,164.5300,170.2600,137.0837,741888749,0.0000
2013-10-04,167.4800,169.5000,166.8400,168.8900,135.9806,656894689,0.0000
2013-09-27,170.4900,170.6500,168.4700,168.9100,135.9967,498509674,0.0000
2013-09-20,171.1600,173.6000,170.0400,170.7200,137.4541,690530520,0.8379
2013-09-13,166.4500,169.5600,166.4500,169.3300,135.6690,442841276,0.0000
2013-09-06,165.2300,166.9800,163.7000,166.0400,133.0330,462274998,0.0000
2013-08-30,166.7900,167.3000,163.0500,163.6500,131.1181,609376283,0.0000
2013-08-23,165.6400,166.8300,164.1900,166.6200,133.4977,537163633,0.0000
2013-08-16,168.4600,169.9000,165.5000,165.8300,132.8648,512060239,0.0000
2013-08-09,170.5700,170.9600,168.5500,169.3100,135.6530,419700418,0.0000
2013-08-02,168.6800,170.9700,168.1100,170.9500,136.9670,508389847,0.0000
2013-07-26,169.4100,169.8600,167.5200,169.1100,135.4927,491701774,0.0000
2013-07-19,167.9700,169.2700,167.0700,169.1700,135.5408,456915067,0.0000
2013-07-12,163.8600,167.9300,163.0800,167.5100,134.2108,584491534,0.0000
2013-07-05,161.2600,163.0800,160.2200,163.0200,130.6134,473959091,0.0000
2013-06-28,157.4100,161.8200,155.7300,160.4200,128.5302,808068889,0.0000
2013-06-21,164.2900,165.9900,157.4700,159.0700,127.4486,1048833902,0.8391
2013-06-14,165.3100,165.4000,161.3000,163.1800,130.0555,743104337,0.0000
2013-06-07,163.8300,165.1000,160.2500,164.8000,131.3466,922561463,0.0000
2013-05-31,167.0400,167.7800,163.1300,163.4500,130.2707,586555553,0.0000
2013-05-24,166.7800,169.0700,163.9400,165.3100,131.7531,786677124,0.0000
2013-05-17,163.2000,167.0400,162.8200,166.9400,133.0522,560593223,0.0000
2013-05-10,161.4900,163.7000,161.4200,163.4100,130.2388,463364257,0.0000
2013-05-03,158.6700,161.8800,158.1000,161.3700,128.6129,583432695,0.0000
2013-04-26,155.7800,159.2700,154.7500,158.2400,126.1183,595639865,0.0000
2013-04-19,158.0000,158.1300,153.5500,155.4800,123.9185,906999356,0.0000
2013-04-12,155.2700,159.7100,154.7500,158.8000,126.5646,548494183,0.0000
2013-04-05,156.5900,157.2100,153.7700,155.1600,123.6635,645798785,0.0000
2013-03-28,156.0100,156.8500,154.3500,156.6700,124.8670,440043521,0.0000
2013-03-22,154.3400,155.9500,153.5900,155.6000,124.0142,646965527,0.0000
2013-03-15,155.3200,156.8000,155.1300,155.8300,124.1975,547040467,0.6937
2013-03-08,151.7600,155.6500,151.5200,155.4400,123.3376,522297477,0.0000
2013-03-01,152.6300,152.8700,148.7300,152.1100,120.6953,867964623,0.0000
2013-02-22,152.3700,153.2800,149.9400,151.8900,120.5208,543079074,0.0000
2013-02-15,151.7400,152.6100,151.3900,152.1100,120.6953,517116068,0.0000
2013-02-08,150.3200,151.8900,149.4300,151.8000,120.4493,676859738,0.0000
2013-02-01,150.2900,151.4200,149.5100,151.2400,120.0050,595758182,0.0000
2013-01-25,148.3300,150.2500,147.9800,150.2500,119.2195,509212858,0.0000
2013-01-18,146.8900,148.4900,146.2000,148.3300,117.6960,590805065,0.0000
2013-01-11,145.8500,147.1500,144.9800,147.0700,116.6962,566059525,0.0000
2013-01-04,139.6600,146.6100,139.5400,146.3700,116.1408,696494911,0.0000
2012-12-28,142.4800,142.7100,139.8700,140.0300,111.1102,475643209,0.0000
2012-12-21,142.4700,145.5800,141.9400,142.7900,113.3001,885026738,1.0218
2012-12-14,142.2100,144.5500,141.8800,142.1000,111.9515,670439788,0.0000
2012-12-07,142.8000,142.9200,140.3700,142.4100,112.1957,609885766,0.0000
2012-11-30,140.6500,142.5100,139.0000,142.1500,111.9909,691235039,0.0000
2012-11-23,137.9000,141.4000,136.4100,141.3500,111.3606,417652420,0.0000
2012-11-16,138.5900,139.2500,134.7000,136.3700,107.4372,828750481,0.0000
2012-11-09,141.3500,143.5200,137.5500,138.1600,108.8474,851114541,0.0000
2012-11-02,141.8500,143.7200,140.6800,141.5600,111.5261,341835177,0.0000
2012-10-26,143.1500,143.6700,140.3900,141.3500,111.3606,717410213,0.0000
2012-10-19,143.2300,146.5200,142.7700,143.3900,112.9678,678260073,0.0000
2012-10-12,145.6000,146.1200,142.5800,142.8900,112.5739,598288110,0.0000
2012-10-05,144.5200,147.1600,143.8300,146.1400,115.1344,619148053,0.0000
2012-09-28,145.1500,146.2400,142.9500,143.9700,113.4248,637284944,0.0000
2012-09-21,146.9400,147.1900,145.6300,145.8700,114.9216,608084312,0.7794
2012-09-14,144.1900,148.1100,143.4600,147.2400,115.3844,657369004,0.0000
2012-09-07,141.0400,144.3900,140.1300,144.3300,113.1040,485303576,0.0000
2012-08-31,141.8900,142.0800,140.1900,141.1600,110.6198,458118482,0.0000
2012-08-24,141.9800,143.0900,140.2200,141.5100,110.8941,527345112,0.0000
2012-08-17,140.6000,142.3000,140.0400,142.1800,111.4192,455337498,0.0000
2012-08-10,139.7200,140.9200,139.5600,140.8400,110.3691,474159065,0.0000
2012-08-03,138.5200,139.6400,135.5800,139.3500,109.2014,722544197,0.0000
2012-07-27,134.4700,139.0700,133.0300,138.6800,108.6764,839884695,0.0000
2012-07-20,135.4400,138.1800,134.5500,136.4700,106.9445,621792740,0.0000
2012-07-13,135.3800,136.2300,132.6000,135.7500,106.3803,681954237,0.0000
2012-07-06,136.4800,137.8000,134.8500,135.4900,106.1766,486644155,0.0000
2012-06-29,132.0500,136.2700,130.8500,136.1000,106.6546,776615246,0.0000
2012-06-22,133.5800,136.2500,132.3300,133.4600,104.5857,809645747,0.0000
2012-06-15,134.1700,134.2600,131.1600,134.1400,105.1186,922758707,0.6883
2012-06-08,128.3900,133.5300,127.1400,133.1000,103.7712,878083234,0.0000
2012-06-01,133.1600,133.9300,128.1600,128.1600,99.9197,763482309,0.0000
2012-05-25,130.1600,133.2300,129.9500,132.1000,102.9915,882084665,0.0000
2012-05-18,134.3100,135.6100,129.5500,129.7400,101.1516,1144647395,0.0000
2012-05-11,136.5100,137.5600,134.4900,135.6100,105.7281,864389317,0.0000
2012-05-04,140.1100,141.6600,136.9200,137.0000,106.8118,711750867,0.0000
2012-04-27,136.5400,140.7900,135.9400,140.3900,109.4548,718448889,0.0000
2012-04-20,137.8400,139.3600,136.5800,137.9500,107.5525,759458004,0.0000
2012-04-13,138.0300,139.8400,135.7600,137.1400,106.9210,838519412,0.0000
2012-04-05,140.6400,142.2100,139.2600,139.7900,108.9870,591259053,0.0000
2012-03-30,140.6500,141.8300,139.0900,140.8100,109.7823,687734059,0.0000
2012-03-23,140.2100,141.2800,138.5500,139.6500,108.8779,624532656,0.0000
2012-03-16,137.5500,140.7800,137.0900,140.3000,109.3847,748602493,0.6139
2012-03-09,137.1000,137.9300,134.3600,137.5700,106.7890,725453909,0.0000
2012-03-02,136.0200,138.1900,135.8000,137.3100,106.5871,725604065,0.0000
2012-02-24,136.7300,137.2000,135.5000,136.9300,106.2922,500859511,0.0000
2012-02-17,135.3200,136.6300,134.2500,136.4100,105.8885,790268896,0.0000
2012-02-10,133.9800,135.5900,133.6400,134.3600,104.2972,697357084,0.0000
2012-02-03,130.5100,134.6200,130.0600,134.5400,104.4369,743014317,0.0000
2012-01-27,131.5100,133.4000,130.6000,131.8200,102.3255,749813584,0.0000
2012-01-20,130.0800,131.9500,128.9000,131.9500,102.4264,558880700,0.0000
2012-01-13,128.0000,129.7000,127.4100,128.8400,100.0123,623860291,0.0000
2012-01-06,127.7600,128.3800,126.4300,127.7100,99.1351,640741677,0.0000
2011-12-30,126.1700,126.8200,124.7300,125.5000,97.4196,422167137,0.0000
2011-12-23,122.0600,126.4300,120.0300,126.3900,98.1105,812279677,0.0000
2011-12-16,124.9500,125.5700,121.3000,121.5900,94.3845,1115042163,0.7701
2011-12-09,126.8400,127.2600,123.6500,126.0500,97.2307,1088812742,0.0000
2011-12-02,119.5400,126.5000,118.8200,124.8600,96.3128,1128133332,0.0000
2011-11-25,120.2000,120.3500,116.2000,116.3400,89.7407,767986948,0.0000
2011-11-18,126.1900,127.4500,121.2300,121.9800,94.0912,1123021707,0.0000
2011-11-11,125.3900,128.0200,122.8600,126.6600,97.7012,1178213974,0.0000
2011-11-04,127.1600,128.6200,121.5200,125.4800,96.7910,1421859477,0.0000
2011-10-28,124.1700,129.4200,122.2100,128.6000,99.1977,1373391696,0.0000
2011-10-21,121.9900,124.1200,119.2000,123.9700,95.6263,1286562762,0.0000
2011-10-14,117.6800,122.6000,117.6700,122.5700,94.5463,1143319448,0.0000
2011-10-07,112.4900,117.2500,107.4300,115.7100,89.2548,1675587056,0.0000
2011-09-30,114.6100,119.5600,112.9800,113.1500,87.2801,1443668536,0.0000
2011-09-23,119.5300,121.9900,111.3000,113.5400,87.5809,1592884123,0.0000
2011-09-16,114.4700,121.9700,114.0500,121.5200,93.7364,1503835370,0.6250
2011-09-09,114.3900,120.9400,114.3800,115.9200,88.9593,1123745825,0.0000
2011-09-02,119.5600,123.5100,117.4300,117.8500,90.4404,1242156984,0.0000
2011-08-26,115.1700,119.4000,112.4100,117.9700,90.5325,1474482481,0.0000
2011-08-19,119.1900,121.2000,112.5000,112.6400,86.4421,1731701333,0.0000
2011-08-12,116.9100,120.1200,110.2700,118.1200,90.6476,2869824482,0.0000
2011-08-05,130.8400,130.9600,116.8600,120.0800,92.1517,2214900597,0.0000
2011-07-29,133.3000,134.4900,127.9700,129.3300,99.2504,1028926336,0.0000
2011-07-22,131.0800,134.8200,129.6300,134.5800,103.2793,871760930,0.0000
2011-07-15,132.7500,133.2200,130.6800,131.6900,101.0615,1054666724,0.0000
2011-07-08,133.7800,135.7000,133.1100,134.4000,103.1412,672864709,0.0000
2011-07-01,126.8900,134.1000,126.6400,133.9200,102.7728,1000305048,0.0000
2011-06-24,126.6200,129.8100,126.1900,126.8100,97.3165,1086609149,0.0000
2011-06-17,127.8900,129.7700,126.3200,127.0500,97.5006,1185943655,0.6276
2011-06-10,130.0900,130.3600,127.2600,127.6000,97.4414,937817851,0.0000
2011-06-03,134.7700,134.9200,130.0800,130.4200,99.5948,831581517,0.0000
2011-05-27,131.9800,133.8700,131.3800,133.5100,101.9545,752011788,0.0000
2011-05-20,133.5600,135.0300,132.1200,133.6100,102.0309,770558690,0.0000
2011-05-13,134.1900,136.1100,133.3900,134.0400,102.3592,750591686,0.0000
2011-05-06,137.0700,137.1800,133.0200,134.2000,102.4814,896442362,0.0000
2011-04-29,133.6800,136.5700,133.2000,136.4300,104.1844,594875178,0.0000
2011-04-21,130.5900,133.8400,129.5100,133.7800,102.1607,626537383,0.0000
2011-04-15,133.0000,133.4500,130.2700,132.0400,100.8320,775613451,0.0000
2011-04-08,133.4300,134.0000,132.3100,132.8600,101.4581,660312646,0.0000
2011-04-01,131.5800,133.7700,130.4400,133.1500,101.6796,660230700,0.0000
2011-03-25,129.3500,131.8700,128.3200,131.3000,100.2669,745507957,0.0000
2011-03-18,129.9900,130.4800,125.2800,127.7600,97.5635,1542395103,0.5533
2011-03-11,132.8600,133.1600,129.4900,130.8400,99.4847,1071293533,0.0000
2011-03-04,132.8200,133.6900,130.3500,132.4700,100.7241,1051985206,0.0000
2011-02-25,133.1200,134.5600,129.7000,132.3300,100.6176,861431823,0.0000
2011-02-18,133.0300,134.6900,132.3200,134.5300,102.2904,590583513,0.0000
2011-02-11,131.4400,133.2800,131.3000,133.1100,101.2107,657646201,0.0000
2011-02-04,128.0700,131.2000,127.7500,131.1500,99.7204,713926990,0.0000
2011-01-28,128.2900,130.3500,127.5100,127.7200,97.1124,840850715,0.0000
2011-01-21,129.1800,129.6400,127.1300,128.3700,97.6066,592711403,0.0000
2011-01-14,126.5800,129.3300,126.2000,129.3000,98.3138,586309059,0.0000
2011-01-07,126.7100,127.8300,125.7000,127.1400,96.6714,688033997,0.0000
2010-12-31,125.1300,126.2000,125.0400,125.7500,95.6145,339090483,0.0000
2010-12-23,124.6400,125.8200,123.9800,125.6000,95.5005,362669202,0.0000
2010-12-17,125.0500,125.2300,123.7500,124.3000,94.5120,766954933,0.6528
2010-12-10,122.6300,124.6000,122.4100,124.4800,94.1544,686892110,0.0000
2010-12-03,118.5000,123.0300,117.7400,122.8900,92.9518,1020068607,0.0000
2010-11-26,119.6900,120.2400,117.9900,118.8000,89.8582,619247309,0.0000
2010-11-19,120.5800,121.0500,117.5900,120.2900,90.9852,989586347,0.0000
2010-11-12,122.3400,122.9500,119.6500,120.2000,90.9171,958735715,0.0000
2010-11-05,119.0700,122.9200,117.8500,122.7200,92.8232,953443720,0.0000
2010-10-29,119.1400,119.7600,117.2600,118.4900,89.6237,812261477,0.0000
2010-10-22,117.7400,119.0900,116.0200,118.3500,89.5178,951085214,0.0000
2010-10-15,116.7200,118.5500,115.6500,117.7000,89.0261,939408787,0.0000
2010-10-08,114.3700,116.8600,113.1800,116.5400,88.1487,886155166,0.0000
2010-10-01,114.8600,115.7900,113.1800,114.6100,86.6889,978736786,0.0000
2010-09-24,112.8800,114.9000,112.1800,114.8200,86.8478,1085776769,0.0000
2010-09-17,112.5800,113.2900,111.9800,112.4900,85.0854,951147208,0.6021
2010-09-10,110.3700,111.6800,109.5500,111.4800,83.8725,565923896,0.0000
2010-09-03,106.5800,110.9900,104.4900,110.8900,83.4286,1076098058,0.0000
2010-08-27,108.0400,108.5700,104.2900,106.8600,80.3966,1212328200,0.0000
2010-08-20,107.5700,110.3900,106.7500,107.5300,80.9007,977531209,0.0000
2010-08-13,112.9200,113.1800,107.6000,108.3100,81.4875,1034108622,0.0000
2010-08-06,111.9900,113.1100,110.9200,112.3900,84.5571,872500864,0.0000
2010-07-30,110.6000,112.2900,108.9800,110.2700,82.9622,989544486,0.0000
2010-07-23,107.0500,110.5700,105.8200,110.4100,83.0675,1205040642,0.0000
2010-07-16,107.6000,110.0900,106.4500,106.6600,80.2462,1042124369,0.0000
2010-07-09,103.6400,107.9700,101.8800,107.9600,81.2242,864820534,0.0000
2010-07-02,108.0300,108.3200,101.1300,102.2000,76.8906,1441488598,0.0000
2010-06-25,113.1200,113.2000,106.7700,107.8700,81.1565,1212413367,0.0000
2010-06-18,110.5200,112.4200,109.4000,111.7300,84.0606,1097609681,0.5313
2010-06-11,107.2000,109.7500,104.6500,109.6800,82.1277,1421343691,0.0000
2010-06-04,108.3500,111.0600,106.4600,106.8200,79.9862,1139437931,0.0000
2010-05-28,108.5200,110.8000,104.3800,109.3700,81.8956,1611772409,0.0000
2010-05-21,114.2000,115.2200,105.3600,109.1100,81.7009,2109960359,0.0000
2010-05-14,115.8100,117.6800,112.8700,113.8900,85.2802,1525381320,0.0000
2010-05-07,119.3800,120.6800,105.0000,111.2600,83.3108,2155654249,0.0000
2010-04-30,121.8500,122.1200,118.2500,118.8100,88.9642,1262906387,0.0000
2010-04-23,119.0100,121.8600,118.4700,121.8100,91.2106,984236028,0.0000
2010-04-16,119.7000,121.5700,118.7500,119.3600,89.3761,904605213,0.0000
2010-04-09,118.2500,119.6000,117.6000,119.5500,89.5183,691446547,0.0000
2010-04-01,117.1700,118.2500,116.6100,117.8000,88.2080,602129164,0.0000
2010-03-26,115.3100,118.1700,115.2400,116.5800,87.2944,991594302,0.0000
2010-03-19,115.2600,117.4800,114.6000,115.9700,86.8377,718986521,0.4804
2010-03-12,114.2600,115.9700,113.8700,115.4600,86.0991,777064750,0.0000
2010-03-05,111.2000,114.3400,111.1700,114.2500,85.1968,770554483,0.0000
2010-02-26,111.5500,111.5800,108.9400,110.7400,82.5794,947691030,0.0000
2010-02-19,108.8600,111.5700,107.8200,111.1400,82.8777,736008554,0.0000
2010-02-12,106.7400,108.2500,105.8100,108.0400,80.5660,1329663243,0.0000
2010-02-05,108.1500,110.5900,104.5800,106.6600,79.5369,1425808380,0.0000
2010-01-29,110.2100,110.4700,107.2200,107.3900,80.0813,1295069169,0.0000
2010-01-22,113.6200,115.1300,109.0900,109.2100,81.4385,1045376845,0.0000
2010-01-15,115.0800,115.1400,113.2000,113.6400,84.7419,762033350,0.0000
2010-01-08,112.3700,114.6200,111.5100,114.5700,85.4354,603253654,0.0000
2009-12-31,112.9000,113.0300,111.3900,111.4400,83.1014,331004184,0.0000
2009-12-24,110.7600,112.6000,110.7600,112.4800,83.8769,361029971,0.0000
2009-12-18,111.8700,112.1300,109.2800,110.2100,82.1842,737993216,0.5902
2009-12-11,110.9100,111.5300,109.0200,111.1100,82.4140,715199533,0.0000
2009-12-04,109.4800,112.3800,108.1200,111.0100,82.3398,893952278,0.0000
2009-11-27,110.7200,111.7400,108.2900,109.5700,81.2717,521764055,0.0000
2009-11-20,110.3800,111.6900,109.0100,109.4300,81.1679,856868836,0.0000
2009-11-13,107.9500,110.8200,107.8700,109.6200,81.3088,808279922,0.0000
2009-11-06,104.1300,107.4000,103.0800,107.1300,79.4619,1080601886,0.0000
2009-10-30,108.2000,109.3100,103.4400,103.5600,76.8139,1266281428,0.0000
2009-10-23,109.0700,110.3100,107.5000,108.0800,80.1665,1043594198,0.0000
2009-10-16,107.7600,109.7100,106.7600,108.8900,80.7673,832471186,0.0000
2009-10-09,102.9000,107.2600,102.6000,107.2600,79.5583,829302722,0.0000
2009-10-02,104.8500,107.0200,101.9900,102.4900,76.0202,1012223371,0.0000
2009-09-25,105.8900,108.0300,104.0900,104.4500,77.4740,952833900,0.0000
2009-09-18,103.8800,108.0600,103.1500,106.7200,79.1578,935112297,0.5083
2009-09-11,103.0000,105.3000,102.3900,104.7700,77.3430,602311691,0.0000
2009-09-04,102.3700,103.2400,99.5700,102.0600,75.3424,954620442,0.0000
2009-08-28,103.3900,104.3500,101.9400,103.3800,76.3169,943077889,0.0000
2009-08-21,98.8500,103.1300,98.1100,102.9700,76.0142,1001826003,0.0000
2009-08-14,100.7400,101.6100,99.4600,100.7900,74.4049,882689371,0.0000
2009-08-07,99.8500,102.0300,99.3100,101.2000,74.7075,950605534,0.0000
2009-07-31,97.8800,99.8300,96.9800,98.8100,72.9432,973277300,0.0000
2009-07-24,94.6800,98.1400,94.1900,98.0600,72.3895,990764400,0.0000
2009-07-17,88.3100,94.5100,87.5900,94.1300,69.4884,989515000,0.0000
2009-07-10,88.9400,89.9300,87.0000,87.9600,64.9336,956936900,0.0000
2009-07-02,92.1100,93.2300,89.7600,89.8100,66.2993,782720500,0.0000
2009-06-26,91.1400,92.2400,88.8500,91.8400,67.7978,1098791100,0.0000
2009-06-19,93.9600,94.0200,90.8300,92.0400,67.9455,1102335400,0.5182
2009-06-12,93.8400,96.1100,93.0400,95.0800,69.7967,1219567000,0.0000
2009-06-05,93.6700,95.6700,92.7600,94.5500,69.4076,1236792000,0.0000
2009-05-29,88.3600,93.7000,88.3200,92.5300,67.9248,1030070800,0.0000
2009-05-22,89.5500,92.8000,88.2600,89.0200,65.3481,1159072100,0.0000
2009-05-15,91.7000,92.1100,88.1500,88.7100,65.1206,1331575400,0.0000
2009-05-08,88.5500,93.2200,88.3800,92.9800,68.2551,1438907000,0.0000
2009-05-01,85.6800,89.0200,84.7600,87.8900,64.5186,1386543700,0.0000
2009-04-24,85.5400,87.3100,82.7500,86.6600,63.6157,1360782900,0.0000
2009-04-17,84.9200,87.6500,83.6100,87.0800,63.9240,1350024300,0.0000
2009-04-09,83.3400,85.8200,81.5100,85.8100,62.9917,1023870700,0.0000
2009-04-03,79.8000,84.6100,77.9600,84.2600,61.8539,1826242100,0.0000
2009-03-27,78.7400,83.3000,78.3100,81.6100,59.9086,1936336900,0.0000
2009-03-20,76.9600,81.0000,75.4500,76.7100,56.3116,1990331000,0.5614
2009-03-13,67.9500,76.9800,67.7300,76.0900,55.4506,1889958900,0.0000
2009-03-06,72.5200,73.9200,67.1000,68.9200,50.2255,2308986100,0.0000
2009-02-27,78.2700,79.6700,73.8100,73.9300,53.8765,2101752900,0.0000
2009-02-20,80.1600,82.9600,75.7700,77.4200,56.4198,1635919000,0.0000
2009-02-13,86.9600,87.7400,81.0500,82.7600,60.3114,1864031100,0.0000
2009-02-06,81.5700,87.3400,77.7300,86.9800,63.3867,1673389500,0.0000
2009-01-30,83.5900,87.9500,82.2100,82.8300,60.3624,1599551600,0.0000
2009-01-23,84.2300,85.0600,80.0500,83.1100,60.5664,1598956800,0.0000
2009-01-16,88.8400,88.9100,81.7200,85.0600,61.9875,2001666900,0.0000
2009-01-09,92.6300,94.4500,85.3600,89.0900,64.9244,1444297800,0.0000
2009-01-02,87.2400,93.4400,85.6000,92.9600,67.7446,717605700,0.0000
2008-12-26,88.5800,88.6700,85.4900,87.1600,63.5179,602214000,0.0000
2008-12-19,89.0200,92.4300,86.2900,88.1900,64.2685,1592338100,0.7193
2008-12-12,90.3400,92.3800,85.2000,88.9900,64.3268,1959958100,0.0000
2008-12-05,87.5100,88.4200,81.8600,87.9300,63.5606,2275378100,0.0000
2008-11-28,81.9200,90.1300,80.3600,90.0900,65.1219,1465860000,0.0000
2008-11-21,86.3800,88.5600,74.3400,79.5200,57.4814,3030111200,0.0000
2008-11-14,95.2100,95.5300,82.0900,86.6200,62.6136,2468096000,0.0000
2008-11-07,96.7800,100.8600,90.0600,93.8600,67.8471,1798169800,0.0000
2008-10-31,85.9700,98.5700,83.7000,96.8300,69.9940,2394474300,0.0000
2008-10-24,95.3500,99.1000,84.0000,87.0400,62.9172,2374443200,0.0000
2008-10-17,93.8700,105.5300,86.5400,93.2100,67.3772,2671940000,0.0000
2008-10-10,107.1500,107.6200,83.5800,88.5000,63.9726,3281575900,0.0000
2008-10-03,119.1400,119.3400,109.6800,110.3400,79.7597,1947635500,0.0000
2008-09-26,124.4500,124.7500,117.7900,120.8500,87.3569,1503425700,0.0000
2008-09-19,121.6300,128.0000,113.8000,124.1200,89.7207,2966649400,0.6909
2008-09-12,128.0400,128.2400,121.6000,126.0900,90.6401,1713539300,0.0000
2008-09-05,130.0300,130.7100,122.0000,124.4200,89.4396,1133857800,0.0000
2008-08-29,128.8000,130.3400,126.5800,128.7900,92.5810,858819800,0.0000
2008-08-22,130.4300,130.4800,126.3400,129.6500,93.1992,940772100,0.0000
2008-08-15,129.4700,131.5100,127.6700,130.1700,93.5731,1139575900,0.0000
2008-08-08,126.0400,129.9300,124.7600,129.3700,92.9980,1156496800,0.0000
2008-08-01,125.5100,128.6000,123.4200,126.1600,90.6905,1347509900,0.0000
2008-07-25,126.5100,129.1500,124.8500,125.4800,90.2016,1299231100,0.0000
2008-07-18,125.2600,126.4200,120.0200,125.9800,90.5611,1839386900,0.0000
2008-07-11,126.7900,127.7400,122.4900,123.8400,89.0227,2002730700,0.0000
2008-07-03,127.8900,129.1600,124.9900,126.3100,90.7983,1174881700,0.0000
2008-06-27,132.0900,133.4000,127.0400,127.5300,91.6753,1321449300,0.0000
2008-06-20,135.5500,137.1200,131.2200,131.5800,94.5866,1236913800,0.6692
2008-06-13,136.8600,137.5000,133.5200,136.1500,97.3765,1269907600,0.0000
2008-06-06,139.8300,140.8900,136.2200,136.2900,97.4767,1321816700,0.0000
2008-05-30,137.8000,140.9300,137.5300,140.3500,100.3804,640900200,0.0000
2008-05-23,142.8100,144.3000,137.5200,137.6400,98.4422,949138100,0.0000
2008-05-16,139.2500,142.8700,138.7300,142.6600,102.0326,860072700,0.0000
2008-05-09,141.0500,142.2000,138.4500,138.9000,99.3434,828021000,0.0000
2008-05-02,139.8800,142.3700,138.2600,141.5100,101.2101,808385200,0.0000
2008-04-25,138.2300,139.8900,136.9000,139.6000,99.8440,894231800,0.0000
2008-04-18,133.1900,139.5600,132.3300,138.4800,99.0430,920376400,0.0000
2008-04-11,137.8700,138.5700,133.0100,133.3800,95.3954,914734500,0.0000
2008-04-04,131.2900,137.9600,131.0900,136.8900,97.9058,1012481800,0.0000
2008-03-28,133.3100,135.8100,131.0600,131.5100,94.0579,1004908100,0.0000
2008-03-20,126.5700,134.6500,126.0700,132.0800,94.4656,1331020000,0.6420
2008-03-14,129.8400,133.7700,127.5900,129.6100,92.2507,1642477300,0.0000
2008-03-07,133.1400,134.7700,128.5800,129.7100,92.3218,1317024300,0.0000
2008-02-29,135.5400,139.1400,132.7800,133.8200,95.2472,994469800,0.0000
2008-02-22,136.7200,137.0100,132.8600,135.6200,96.5283,771817900,0.0000
2008-02-15,133.1000,137.0600,132.0400,135.1400,96.1867,996516000,0.0000
2008-02-08,139.2100,139.3000,131.7300,133.0700,94.7133,1181381300,0.0000
2008-02-01,133.2600,139.6100,132.0600,139.5800,99.3469,1272366500,0.0000
2008-01-25,127.2100,136.7600,126.0000,133.0400,94.6920,1477389900,0.0000
2008-01-18,141.1600,141.8600,131.1000,132.0600,93.9945,1535562300,0.0000
2008-01-11,141.8100,142.9000,137.7000,140.1500,99.7526,1465959400,0.0000
2008-01-04,147.1000,147.6100,140.9100,141.3100,100.5782,670526600,0.0000
2007-12-28,148.8200,149.6800,146.9000,147.3000,104.8416,352074300,0.0000
2007-12-21,146.6100,148.4200,143.9600,148.1300,105.4324,982654100,0.7754
2007-12-14,151.2800,152.8900,147.1000,147.1700,104.2036,1093400500,0.0000
2007-12-07,148.1900,151.5000,146.3100,150.9100,106.8517,757531800,0.0000
2007-11-30,144.4300,149.8700,140.6600,148.6600,105.2586,1189044700,0.0000
2007-11-23,145.2800,145.5300,141.6700,144.1300,102.0512,1019214300,0.0000
2007-11-16,145.2100,149.4000,143.7000,145.7900,103.2265,1236645700,0.0000
2007-11-09,149.6400,152.1100,144.8900,145.1400,102.7663,1363536200,0.0000
2007-11-02,153.9300,155.2700,149.2100,151.2000,107.0571,1125046000,0.0000
2007-10-26,148.8600,153.6200,148.6600,153.6200,108.7705,1182627600,0.0000
2007-10-19,156.2700,156.4800,149.6600,149.6700,105.9737,989902300,0.0000
2007-10-12,155.3900,157.5200,154.5400,156.3300,110.6894,625121600,0.0000
2007-10-05,152.6000,156.1000,152.5000,155.8500,110.3495,591641100,0.0000
2007-09-28,152.4200,153.1900,150.4700,152.5800,108.0342,653372500,0.0000
2007-09-21,148.3100,154.3900,147.6300,151.9700,107.6023,884054500,0.7187
2007-09-14,146.5200,149.4500,144.3300,148.9000,104.9323,779932400,0.0000
2007-09-07,147.4500,149.9800,145.2600,146.0700,102.9379,649649800,0.0000
2007-08-31,147.8500,148.5000,143.4600,147.5900,104.0091,917764000,0.0000
2007-08-24,145.1700,148.3300,143.2900,148.3300,104.5306,850360700,0.0000
2007-08-17,146.5000,146.8900,137.0000,144.7100,101.9795,1704847500,0.0000
2007-08-10,144.2100,150.5900,142.5300,144.7100,101.9795,1601119800,0.0000
2007-08-03,145.9300,149.4600,143.2000,143.8000,101.3382,1721820800,0.0000
2007-07-27,154.1800,154.7200,145.0500,145.1100,102.2614,1533710900,0.0000
2007-07-20,154.9900,155.5300,152.8300,153.5000,108.1740,853182600,0.0000
2007-07-13,153.1600,155.4600,150.5200,154.8500,109.1253,673995100,0.0000
2007-07-06,150.8700,153.1700,150.7700,152.9800,107.8075,327793400,0.0000
2007-06-29,150.2400,151.6500,148.0600,150.4300,106.0105,1001504900,0.0000
2007-06-22,153.3800,153.5800,149.8500,150.5500,106.0951,786735600,0.0000
2007-06-15,150.9300,153.6600,149.5500,153.0700,107.8710,829549100,0.6556
2007-06-08,153.5400,154.3900,149.0600,151.0400,105.9864,777324100,0.0000
2007-06-01,151.9400,154.4000,151.3400,154.0800,108.1196,433672000,0.0000
2007-05-25,152.5800,153.5000,150.7400,151.6900,106.4425,661502200,0.0000
2007-05-18,150.8600,152.6200,149.7900,152.6200,107.0951,603182100,0.0000
2007-05-11,150.8800,152.8200,149.2700,150.8600,105.8601,513142200,0.0000
2007-05-04,149.6400,151.1200,147.6700,150.9200,105.9022,505325300,0.0000
2007-04-27,148.3700,149.8000,147.3200,149.5300,104.9268,497093300,0.0000
2007-04-20,145.8300,148.6200,145.8200,148.6200,104.2883,506895800,0.0000
2007-04-13,144.6500,145.3200,143.3400,145.3200,101.9727,413774500,0.0000
2007-04-05,142.1600,144.4400,141.4800,144.2400,101.2148,272652200,0.0000
2007-03-30,143.5000,143.6500,140.5600,142.0000,99.6430,634186800,0.0000
2007-03-23,139.2600,143.8100,139.1500,143.3900,100.6183,524036300,0.0000
2007-03-16,140.4200,141.3400,136.7500,138.5300,97.2080,756793400,0.5513
2007-03-09,137.9300,141.4200,137.3300,140.7800,98.3953,627885300,0.0000
2007-03-02,145.8300,145.9500,138.0500,138.6700,96.9206,896598200,0.0000
2007-02-23,145.5600,146.4200,145.0000,145.3000,101.5545,271917000,0.0000
2007-02-16,143.9400,145.9500,143.1900,145.7300,101.8550,274335200,0.0000
2007-02-09,144.7000,145.3600,143.3900,143.9400,100.6039,308181700,0.0000
2007-02-02,142.1900,144.9500,141.7400,144.8100,101.2120,347310200,0.0000
2007-01-26,143.0700,143.9800,141.5800,142.1300,99.3389,310992100,0.0000
2007-01-19,143.0700,143.4600,142.3100,142.8200,99.8211,220263000,0.0000
2007-01-12,140.8200,143.2400,140.2500,143.2400,100.1147,329610500,0.0000
2007-01-05,142.2500,142.8600,140.3800,140.5400,98.2276,241073500,0.0000
2006-12-29,140.8100,142.7000,140.7800,141.6200,98.9824,155174000,0.0000
2006-12-22,142.5400,142.8800,140.6700,140.7500,98.3744,266215300,0.0000
2006-12-15,141.4200,143.2400,140.8900,142.3400,99.4856,308363800,0.7926
2006-12-08,140.2500,142.3000,140.2300,141.4200,98.2953,356923700,0.0000
2006-12-01,140.2800,141.0500,138.1100,140.2200,97.4612,491307200,0.0000
2006-11-24,140.3000,141.1600,139.9400,140.3500,97.5515,197045400,0.0000
2006-11-17,138.1800,140.6800,138.0700,140.4200,97.6002,365694400,0.0000
2006-11-10,136.9600,139.1400,136.8600,138.2400,96.0850,359047800,0.0000
2006-11-03,137.6600,138.3100,135.6200,136.5400,94.9034,336037000,0.0000
2006-10-27,136.5600,139.0000,136.3900,137.9100,95.8556,344641900,0.0000
2006-10-20,136.5200,137.3700,135.6700,136.8400,95.1119,331779900,0.0000
2006-10-13,134.8500,136.7100,134.3000,136.6300,94.9659,314754900,0.0000
2006-10-06,133.5400,135.4100,132.6500,135.0100,93.8399,331175500,0.0000
2006-09-29,131.7300,133.9900,131.0500,133.5800,92.8460,355258100,0.0000
2006-09-22,131.7900,132.7700,131.0000,131.4700,91.3794,386346600,0.0000
2006-09-15,129.8600,132.4500,129.4800,131.9600,91.7200,335779100,0.5793
2006-09-08,131.5100,131.8500,129.3500,130.2800,90.1565,237509600,0.0000
2006-09-01,129.6500,131.5800,129.6400,131.4200,90.9454,250856300,0.0000
2006-08-25,130.1800,130.5200,129.1900,129.8100,89.8312,269304600,0.0000
2006-08-18,127.6300,130.6900,126.9200,130.6900,90.4402,327000800,0.0000
2006-08-11,127.9000,128.6000,126.2800,127.0100,87.8936,331993700,0.0000
2006-08-04,127.6600,129.4300,126.6000,128.2000,88.7171,339577600,0.0000
2006-07-28,124.4400,128.1400,124.4400,127.9800,88.5648,442284600,0.0000
2006-07-21,123.5200,126.3000,122.3900,123.9500,85.7760,551315100,0.0000
2006-07-14,126.9400,127.4300,122.8300,123.5200,85.4784,422814400,0.0000
2006-07-07,127.4300,128.0100,126.2900,126.6100,87.6168,225294200,0.0000
2006-06-30,124.5400,127.6600,123.6500,127.2800,88.0804,334910500,0.0000
2006-06-23,125.4000,125.7000,123.5500,124.4400,86.1151,364980400,0.0000
2006-06-16,125.8800,126.3600,122.3400,124.6500,86.2604,673381600,0.5555
2006-06-09,128.8500,128.8600,123.8700,125.3500,86.3600,625132500,0.0000
2006-06-02,127.9700,129.4300,126.0500,129.0000,88.8747,324770400,0.0000
2006-05-26,126.2800,128.3800,124.7600,128.3800,88.4475,513231900,0.0000
2006-05-19,128.7900,130.0000,125.8000,127.1000,87.5656,503172100,0.0000
2006-05-12,132.5100,132.7700,129.1900,129.2400,89.0400,296612300,0.0000
2006-05-05,131.4700,132.8000,130.3200,132.5200,91.2998,280384700,0.0000
2006-04-28,130.8900,131.7500,129.5900,131.4700,90.5764,384501600,0.0000
2006-04-21,128.8300,131.8600,128.0200,131.1500,90.3559,402316600,0.0000
2006-04-13,129.7400,130.0800,128.2500,128.7100,88.6749,208381400,0.0000
2006-04-07,130.0700,131.4000,129.3500,129.5400,89.2467,305128300,0.0000
2006-03-31,130.0300,130.9800,129.0500,129.8300,89.4465,309605900,0.0000
2006-03-24,130.6400,130.9900,129.4500,130.2100,89.7083,274160300,0.0000
2006-03-17,128.8400,131.4700,128.5300,130.6200,89.9908,281568500,0.5195
2006-03-10,129.1400,129.1800,127.1800,128.5900,88.2413,302756000,0.0000
2006-03-03,129.4000,130.0700,128.1300,128.7600,88.3579,292939800,0.0000
2006-02-24,129.1100,129.6500,128.2800,129.4100,88.8040,168983600,0.0000
2006-02-17,126.6000,129.2100,125.9500,128.8100,88.3922,330104900,0.0000
2006-02-10,126.4400,128.1000,125.4000,126.6400,86.9031,302674200,0.0000
2006-02-03,128.4400,128.8100,126.1400,126.2700,86.6492,339874900,0.0000
2006-01-27,126.2100,128.6600,125.8400,128.5400,88.2069,344839100,0.0000
2006-01-20,128.2000,128.9000,125.9700,125.9700,86.4434,323622400,0.0000
2006-01-13,128.4200,129.4400,128.2000,128.6800,88.3030,223453000,0.0000
2006-01-06,125.1900,128.5800,124.3900,128.4400,88.1383,235349700,0.0000
2005-12-30,126.9600,127.0500,124.3600,124.5100,85.4415,152698300,0.0000
2005-12-23,126.7300,126.8700,125.4800,126.7600,86.9855,207368300,0.0000
2005-12-16,126.7100,128.0900,125.9600,126.3600,86.7110,303534400,0.6717
2005-12-09,126.7000,127.7400,125.4800,126.3300,86.2320,297378200,0.0000
2005-12-02,127.2500,127.2700,125.2900,126.8500,86.5870,274412200,0.0000
2005-11-25,125.1500,127.4100,124.9800,127.1300,86.7781,182584700,0.0000
2005-11-18,123.7900,125.2800,122.8600,125.1300,85.4129,293972400,0.0000
2005-11-11,122.3700,123.8400,121.7500,123.7600,84.4778,260500100,0.0000
2005-11-04,120.2900,122.6600,120.1300,122.1100,83.3515,362129900,0.0000
2005-10-28,118.4400,120.5400,117.9300,119.8000,81.7747,367703800,0.0000
2005-10-21,118.8000,119.8100,117.1200,118.1300,80.6348,488216200,0.0000
2005-10-14,119.6800,119.7100,116.8800,118.6700,81.0034,416521100,0.0000
2005-10-07,122.9600,123.3400,118.1700,119.6100,81.6450,434426400,0.0000
2005-09-30,122.0200,123.0400,121.0200,123.0400,83.9863,309618600,0.0000
2005-09-23,123.4700,123.6100,120.4400,121.4400,82.8941,376270000,0.0000
2005-09-16,124.4500,124.6700,122.8700,123.5000,84.3003,297720700,0.5217
2005-09-09,122.6600,124.7400,122.6500,124.6000,84.6934,181163600,0.0000
2005-09-02,120.4100,123.1500,120.3800,122.2700,83.1096,355516700,0.0000
2005-08-26,122.5800,123.2300,120.6800,120.7600,82.0832,301773100,0.0000
2005-08-19,123.2200,123.8700,121.8400,122.4700,83.2456,263656400,0.0000
2005-08-12,123.1500,124.5000,122.3800,123.0600,83.6466,280996800,0.0000
2005-08-05,123.8300,124.7400,122.6700,122.8800,83.5243,226853900,0.0000
2005-07-29,123.4100,124.6400,122.8500,123.7400,84.1088,253480800,0.0000
2005-07-22,122.5000,123.7300,122.0500,123.5400,83.9729,338959100,0.0000
2005-07-15,121.3300,123.4400,121.3100,122.8400,83.4971,262456400,0.0000
2005-07-08,119.2500,121.3200,118.2600,121.3200,82.4639,271672600,0.0000
2005-07-01,118.9700,120.4000,118.7500,119.5300,81.2472,243700800,0.0000
2005-06-24,121.0800,121.9400,118.8400,118.9800,80.8733,247967400,0.0000
2005-06-17,119.9400,121.9000,119.8100,121.3600,82.4911,234529800,0.4876
2005-06-10,119.9500,121.2500,119.4400,120.2000,81.3756,242547500,0.0000
2005-06-03,120.0800,120.9200,119.4000,120.1500,81.3418,213692100,0.0000
2005-05-27,119.2100,120.2500,118.8300,120.2500,81.4095,217163100,0.0000
2005-05-20,115.7000,119.4100,115.6600,119.1200,80.6445,296337300,0.0000
2005-05-13,117.2100,118.0800,114.8000,115.7200,78.3427,390365200,0.0000
2005-05-06,116.0700,118.0000,115.5200,117.0900,79.2702,387404500,0.0000
2005-04-29,115.8600,116.7700,113.9700,115.7500,78.3630,385517300,0.0000
2005-04-22,114.1200,116.5000,113.5500,115.5700,78.2411,448499200,0.0000
2005-04-15,118.2900,119.0600,114.1000,114.1500,77.2798,421835900,0.0000
2005-04-08,117.3600,119.2600,116.7400,118.0000,79.8862,282210800,0.0000
2005-04-01,117.4200,118.9900,116.2500,117.4300,79.5003,339758600,0.0000
2005-03-24,118.7100,118.9300,116.7500,117.1400,79.3040,276466500,0.0000
2005-03-18,120.6100,121.4600,118.1500,118.5400,80.2518,296465300,0.4671
2005-03-11,122.6600,123.2500,120.1600,120.3900,81.1844,284193500,0.0000
2005-03-04,121.1500,122.8300,120.0400,122.7300,82.7623,298301500,0.0000
2005-02-25,119.9000,121.6700,118.5800,121.4300,81.8857,278453700,0.0000
2005-02-18,120.6900,121.4600,119.9000,120.3900,81.1844,237655100,0.0000
2005-02-11,120.2500,121.0400,119.2500,120.7700,81.4406,238946500,0.0000
2005-02-04,117.9500,120.4300,117.7100,120.2300,81.0765,253704500,0.0000
2005-01-28,117.0900,117.7500,116.3700,117.4300,79.1883,300499700,0.0000
2005-01-21,118.0500,119.6200,116.6500,116.7800,78.7500,246980300,0.0000
2005-01-14,118.3400,119.4600,117.5000,118.2400,79.7345,289953500,0.0000
2005-01-07,121.5600,121.7600,118.0000,118.4400,79.8694,294245300,0.0000
2004-12-31,121.2000,121.6600,120.3900,120.8700,81.5081,125743300,0.0000
2004-12-23,119.7500,121.2800,119.1700,120.7700,81.4406,137428400,0.0000
2004-12-17,119.7600,121.2400,119.1600,119.4400,80.5437,249144600,0.5679
2004-12-10,119.2100,119.6400,117.7300,119.3300,80.0888,237724200,0.0000
2004-12-03,118.7900,120.1400,117.4800,119.2500,80.0351,274275700,0.0000
2004-11-26,117.1700,118.9800,117.0300,118.3500,79.4310,124741500,0.0000
2004-11-19,118.5000,119.1400,117.1400,117.4200,78.8069,215951400,0.3510
2004-11-12,116.9800,119.0000,116.7200,118.7900,79.4913,217234200,0.0000
2004-11-05,113.5600,117.6400,113.2000,117.2800,78.4809,288528600,0.0000
2004-10-29,109.7500,113.6400,109.3500,113.2000,75.7506,275457800,0.0000
2004-10-22,110.8900,112.2300,109.7500,109.9900,73.6026,258476200,0.0000
2004-10-15,112.7800,113.0700,110.5700,111.2600,74.4524,243760800,0.0000
2004-10-08,114.1000,114.6800,112.3500,112.5100,75.2889,203552200,0.0000
2004-10-01,111.1000,113.6500,110.4100,113.6500,76.0518,220704700,0.0000
2004-09-24,112.6700,113.4700,110.9500,111.4600,74.5863,206162100,0.0000
2004-09-17,113.3100,113.7400,112.6800,113.1500,75.7172,168336700,0.4688
2004-09-10,112.5400,113.2700,112.0300,113.0600,75.3448,132517300,0.0000
2004-09-03,111.2200,112.8200,110.1000,112.1200,74.7184,196847200,0.0000
2004-08-27,110.5500,111.6300,109.8500,111.4500,74.2719,154282000,0.0000
2004-08-20,107.1400,110.6300,107.1000,110.4800,73.6255,214351400,0.0000
2004-08-13,107.0200,108.4100,106.5900,107.1900,71.4330,237930700,0.0000
2004-08-06,110.1900,111.3600,106.6200,106.8500,71.2064,245476100,0.0000
2004-07-30,109.1900,110.9000,108.2100,110.8400,73.8654,260618700,0.0000
2004-07-23,110.7500,112.0600,108.6900,108.9600,72.6125,264601300,0.0000
2004-07-16,111.5200,112.3900,110.4400,110.7100,73.7787,195807400,0.0000
2004-07-09,112.3700,112.5700,111.2000,111.7300,74.4585,141242000,0.0000
2004-07-02,114.5200,114.7900,112.5800,112.8800,75.2249,213823000,0.0000
2004-06-25,113.7500,114.9400,112.6700,113.8400,75.8646,166308000,0.0000
2004-06-18,113.8200,114.4500,112.8700,113.6300,75.7247,158913600,0.4138
2004-06-10,113.4300,114.9200,113.4200,114.3500,75.9280,122938900,0.0000
2004-06-04,112.4600,113.5800,111.8700,112.9800,75.0183,152246700,0.0000
2004-05-28,110.5300,113.0300,109.6000,112.8600,74.9387,194280600,0.0000
2004-05-21,108.8900,111.1800,108.4100,109.8100,72.9135,225580900,0.0000
2004-05-14,109.4400,110.8100,108.0600,110.0400,73.0662,325927300,0.0000
2004-05-07,111.3700,113.2600,109.9600,109.9600,73.0131,235295100,0.0000
2004-04-30,114.5000,115.1200,110.9000,110.9600,73.6771,247535500,0.0000
2004-04-23,113.5500,114.6700,111.7800,114.3600,75.9346,223221500,0.0000
2004-04-16,114.5800,115.3000,112.3600,113.8300,75.5827,250279500,0.0000
2004-04-08,114.4600,115.4100,113.7400,114.3700,75.9413,151492900,0.0000
2004-04-02,111.6300,114.8400,111.5800,114.6400,76.1206,227782600,0.0000
2004-03-26,110.5400,111.7900,108.8500,111.0300,73.7235,255699700,0.0000
2004-03-19,112.2700,113.2700,110.8400,111.0600,73.7435,267767600,0.3948
2004-03-12,116.3400,116.6200,111.1000,112.5800,74.4880,289846500,0.0000
2004-03-05,115.4300,116.9700,114.9200,116.3800,77.0022,179999000,0.0000
2004-02-27,115.2200,115.7400,113.0300,115.0200,76.1024,180518600,0.0000
2004-02-20,115.8500,116.6000,114.3200,114.8800,76.0097,150477300,0.0000
2004-02-13,114.6700,116.3900,114.1700,115.1300,76.1752,168279700,0.0000
2004-02-06,113.7000,114.7000,112.7800,114.4500,75.7252,177701300,0.0000
2004-01-30,114.3900,116.5000,112.5600,113.4800,75.0835,209506200,0.0000
2004-01-23,114.5300,115.3800,113.7200,114.4300,75.7120,134721800,0.0000
2004-01-16,112.5500,114.3100,111.7600,114.2300,75.5797,186248000,0.0000
2004-01-09,111.6900,113.5000,111.5900,112.3900,74.3623,169125700,0.0000
2004-01-02,110.1000,112.1900,109.7800,111.2300,73.5947,111617300,0.0000
2003-12-26,108.7900,110.0800,108.7800,109.7000,72.5824,68716700,0.0000
2003-12-19,109.1700,109.7300,107.4800,108.9000,72.0531,165604600,0.5156
2003-12-12,106.7400,108.2000,105.9600,108.1400,71.2131,192440600,0.0000
2003-12-05,106.8500,108.0800,106.6200,106.8500,70.3636,178043500,0.0000
2003-11-28,104.6900,106.6600,104.6800,106.4500,70.1002,110047500,0.0000
2003-11-21,104.9100,105.4500,103.6200,104.2100,68.6251,198958800,0.0000
2003-11-14,105.7400,106.9500,104.8000,105.4600,69.4483,158962700,0.0000
2003-11-07,105.7500,106.7200,104.9000,105.6100,69.5470,162685200,0.0000
2003-10-31,103.7400,105.9700,103.2700,105.3000,69.3429,163256500,0.0000
2003-10-24,104.4500,105.2800,102.1800,103.5800,68.2102,185854700,0.0000
2003-10-17,104.7100,105.8900,103.9800,104.2600,68.6580,166894200,0.0000
2003-10-10,103.4800,105.2200,102.9100,104.5700,68.8622,156499500,0.0000
2003-10-03,100.3000,104.2800,99.2500,103.3900,68.0851,266732100,0.0000
2003-09-26,102.8500,103.2900,99.8500,99.9500,65.8198,206449100,0.0000
2003-09-19,102.5200,104.7000,101.9500,103.6700,68.2695,155666400,0.4001
2003-09-12,103.0400,103.8800,101.3500,102.4500,67.2067,194512000,0.0000
2003-09-05,101.6400,103.7000,101.0500,102.8300,67.4560,154349800,0.0000
2003-08-29,99.7100,101.4800,98.8300,101.4400,66.5442,143567300,0.0000
2003-08-22,99.9300,101.8200,99.7300,99.7700,65.4487,180141300,0.0000
2003-08-15,98.2600,99.8500,97.8400,99.6200,65.3503,162161100,0.0000
2003-08-08,98.3100,99.0000,96.3400,98.2800,64.4712,237511300,0.0000
2003-08-01,100.3700,100.9800,98.2400,98.5100,64.6221,220476400,0.0000
2003-07-25,99.4500,100.3400,97.8500,100.2300,65.7504,206167000,0.0000
2003-07-18,101.2000,101.9000,98.1600,99.5100,65.2781,212534300,0.0000
2003-07-11,99.6500,101.4000,98.6300,100.2400,65.7570,188626100,0.0000
2003-07-03,98.2200,99.8500,96.4300,98.7400,64.7730,150126700,0.0000
2003-06-27,99.4500,99.6600,96.9600,97.6600,64.0645,205880600,0.0000
2003-06-20,99.9600,102.1800,99.4200,99.4400,65.2322,193745800,0.3603
2003-06-13,98.7700,100.9000,97.7700,99.5600,65.0752,190454900,0.0000
2003-06-06,97.5300,101.4000,96.6700,99.2600,64.8791,244539900,0.0000
2003-05-30,93.3000,97.0900,93.0700,96.9500,63.3692,184820000,0.0000
2003-05-23,94.1500,94.4200,91.5900,93.7600,61.2841,210922100,0.0000
2003-05-16,93.5000,95.4500,93.2800,94.8700,62.0096,189895200,0.0000
2003-05-09,93.4700,94.3800,92.2800,93.7300,61.2645,195430700,0.0000
2003-05-02,90.4400,93.4700,90.3000,93.2100,60.9246,247601000,0.0000
2003-04-25,89.8600,92.3500,88.8900,90.2300,58.9768,229653000,0.0000
2003-04-17,87.4700,90.0600,87.0000,89.5600,58.5389,175612600,0.0000
2003-04-11,90.3400,90.8500,85.7100,87.1500,56.9636,254678700,0.0000
2003-04-04,85.3500,88.9900,84.4000,88.2200,57.6630,250130300,0.0000
2003-03-28,88.0200,88.2600,85.9900,86.7100,56.6760,257883000,0.0000
2003-03-21,83.4600,89.8800,83.2200,89.6700,58.6108,327127500,0.3544
2003-03-14,82.6000,84.7700,79.3800,84.1300,54.7732,287646200,0.0000
2003-03-07,85.2600,85.7800,81.4300,83.3200,54.2459,223094000,0.0000
2003-02-28,84.9300,85.2300,82.2200,84.9000,55.2745,219979200,0.0000
2003-02-21,84.5300,85.8000,83.4600,85.1800,55.4568,161160600,0.0000
2003-02-14,83.4600,84.8800,81.0000,84.1500,54.7862,245705500,0.0000
2003-02-07,86.1400,86.8100,82.9700,83.4200,54.3110,235403000,0.0000
2003-01-31,85.7300,87.1800,84.1500,86.0600,56.0298,263688600,0.0000
2003-01-24,90.8700,90.9200,86.1700,86.3800,56.2381,203666400,0.0000
2003-01-17,93.5400,93.8600,90.1500,90.6600,59.0246,176325100,0.0000
2003-01-10,91.2400,93.6400,91.0500,93.0600,60.5871,190900900,0.0000
2003-01-03,87.7900,91.3800,87.1100,91.3500,59.4738,140743500,0.0000
2002-12-27,89.5900,90.6100,87.3800,87.3800,56.8891,73227600,0.0000
2002-12-20,89.8200,91.7900,88.6000,89.9900,58.5884,175506000,0.4358
2002-12-13,91.0700,91.6200,89.2700,89.3400,57.8849,180638300,0.0000
2002-12-06,95.4700,96.0500,89.9800,92.0300,59.6278,234909400,0.0000
2002-11-29,93.4300,94.9500,91.6200,93.9800,60.8912,133280800,0.0000
2002-11-22,92.1500,94.2700,89.7600,93.4200,60.5284,186071800,0.0000
2002-11-15,89.5100,91.5500,87.4500,91.4000,59.2196,206170000,0.0000
2002-11-08,91.8000,93.0700,89.5200,89.6500,58.0857,240841900,0.0000
2002-11-01,91.1500,91.2900,87.0000,90.2700,58.4874,234112400,0.0000
2002-10-25,88.1200,90.9000,87.5700,90.2000,58.4421,240391200,0.0000
2002-10-18,83.2000,89.3000,83.0400,88.6400,57.4313,301912800,0.0000
2002-10-11,80.0600,84.7300,77.0700,84.1600,54.5287,371732700,0.0000
2002-10-04,82.0000,85.7700,79.5800,80.8000,52.3517,321074300,0.0000
2002-09-27,83.6500,85.9700,81.8500,82.7500,53.6151,293981500,0.0000
2002-09-20,89.3100,91.1900,84.0500,84.3500,54.6518,225332800,0.3781
2002-09-13,89.1000,93.3300,88.2500,89.6700,57.8394,187858900,0.0000
2002-09-06,90.7300,91.0000,87.5000,90.0000,58.0523,233559000,0.0000
2002-08-30,94.9100,96.2500,90.8100,91.7800,59.2004,181468800,0.0000
2002-08-23,93.4600,97.1500,93.1000,94.6000,61.0194,175923300,0.0000
2002-08-16,89.9900,94.0800,88.0200,93.2200,60.1293,215024600,0.0000
2002-08-09,86.4900,91.9400,83.5500,91.2900,58.8844,245429700,0.0000
2002-08-02,87.5000,91.5500,85.6200,86.7900,55.9817,264039800,0.0000
2002-07-26,84.1000,85.9300,77.6800,85.6000,55.2142,388024300,0.0000
2002-07-19,91.6400,93.3000,84.3000,84.7100,54.6401,289709500,0.0000
2002-07-12,98.9800,99.7000,90.3200,91.8500,59.2456,196756600,0.0000
2002-07-05,99.1800,99.8000,93.7200,99.3100,64.0575,104063400,0.0000
2002-06-28,98.6100,100.8900,95.1900,98.9600,63.8317,168238900,0.0000
2002-06-21,101.9200,105.0300,98.6800,99.2800,64.0381,117698100,0.3534
2002-06-14,103.2400,104.5400,98.5000,101.4000,65.1736,130328000,0.0000
2002-06-07,107.0900,107.6000,101.7200,103.3400,66.4205,118618500,0.0000
2002-05-31,109.0500,109.1300,105.9000,107.2200,68.9143,77054400,0.0000
2002-05-24,110.6400,110.6900,108.0000,108.6900,69.8591,72312000,0.0000
2002-05-17,106.2200,111.2500,105.7900,110.9000,71.2796,134329900,0.0000
2002-05-10,107.6400,109.3600,104.9000,105.7200,67.9502,110502300,0.0000
2002-05-03,107.9300,109.9100,106.6300,107.5800,69.1457,95625800,0.0000
2002-04-26,112.3800,112.4300,107.2900,107.3900,69.0236,95013900,0.0000
2002-04-19,111.6200,113.6700,110.2000,112.8800,72.5522,81059900,0.0000
2002-04-12,111.3200,113.5400,110.0400,111.4200,71.6138,89196400,0.0000
2002-04-05,114.2300,115.1000,112.1600,112.6900,72.4301,101992900,0.0000
2002-03-28,115.0900,115.7700,113.3000,114.5200,73.6063,74000400,0.0000
2002-03-22,117.1000,117.7400,114.1200,115.0400,73.9405,93657600,0.0000
2002-03-15,116.8900,117.9000,115.6300,116.6500,74.9753,82338900,0.3310
2002-03-08,113.9000,117.9000,113.6500,116.9900,74.9811,109307600,0.0000
2002-03-01,109.7400,113.8500,109.7000,113.7400,72.8981,118432100,0.0000
2002-02-22,110.1500,110.6300,107.8200,109.6400,70.2704,98092400,0.0000
2002-02-15,110.0500,112.9700,109.8200,110.8900,71.0715,88336600,0.0000
2002-02-08,112.2300,112.2300,108.0000,110.0900,70.5588,130066600,0.0000
2002-02-01,113.9000,114.1900,108.4000,112.6500,72.1995,108769500,0.0000
2002-01-25,113.7500,114.2500,112.0200,113.5500,72.7764,49081700,0.0000
2002-01-18,114.6500,115.3900,112.6700,113.1500,72.5200,83899400,0.0000
2002-01-11,117.7000,117.9900,114.7000,114.9400,73.6672,68932300,0.0000
2002-01-04,116.1500,117.9800,113.8100,117.6200,75.3849,69155100,0.0000
2001-12-28,114.8300,116.7500,114.6100,116.0000,74.3466,36034700,0.0000
2001-12-21,112.9900,115.9200,112.9000,114.9500,73.6736,76638600,0.3928
2001-12-14,115.8500,116.3900,112.0000,113.1300,72.2603,86616100,0.0000
2001-12-07,113.6500,118.0000,113.0100,116.5600,74.4511,94495000,0.0000
2001-11-30,115.7500,116.9000,113.0000,114.0500,72.8479,83217900,0.0000
2001-11-23,114.9200,115.8500,113.5100,115.6800,73.8890,48022400,0.0000
2001-11-16,111.0000,115.4000,110.0000,114.3600,73.0459,96541400,0.0000
2001-11-09,110.1200,114.0800,109.8500,112.7200,71.9984,97350600,0.0000
2001-11-02,110.1600,110.5500,105.5600,109.2500,69.7820,120413000,0.0000
2001-10-26,107.3000,111.7900,106.7400,110.3200,70.4654,101759500,0.0000
2001-10-19,108.6300,111.1500,106.0100,107.3500,68.5684,99714900,0.0000
2001-10-12,106.2700,110.3000,105.5200,109.5000,69.9416,103300800,0.0000
2001-10-05,103.9000,108.9700,102.8300,107.2300,68.4917,134806500,0.0000
2001-09-28,99.7200,109.6200,99.0600,104.4400,66.7096,111827300,0.0000
2001-09-21,101.0000,106.4000,93.8000,97.2800,62.1363,183182700,0.3690
2001-09-10,107.7000,110.3500,107.7000,110.0500,70.0273,23408700,0.0000
2001-09-07,113.8500,116.1700,108.6300,108.7200,69.1810,100737400,0.0000
2001-08-31,118.9700,119.2000,112.0400,114.1500,72.6362,69329700,0.0000
2001-08-24,116.8000,119.1300,115.7800,119.0200,75.7351,57082300,0.0000
2001-08-17,119.6000,120.3500,116.0100,116.7500,74.2907,51469600,0.0000
2001-08-10,121.3500,121.5100,117.3400,119.2900,75.9069,57890800,0.0000
2001-08-03,121.1900,123.2500,120.3000,121.9400,77.5932,54293000,0.0000
2001-07-27,121.8000,121.8800,116.7500,120.8100,76.8742,53799700,0.0000
2001-07-20,121.7700,122.9800,119.8300,121.3400,77.2114,38883100,0.0000
2001-07-13,119.4900,122.3200,117.0900,122.2400,77.7841,54735200,0.0000
2001-07-06,122.8000,124.3200,119.0500,119.0500,75.7542,29009100,0.0000
2001-06-29,123.2800,124.0100,120.5700,122.6000,78.0132,46611200,0.0000
2001-06-22,121.6500,124.3100,120.8900,122.8500,78.1723,52358900,0.0000
2001-06-15,126.7100,126.9900,120.4000,121.8500,77.5359,53430100,0.3464
2001-06-08,126.8000,129.2300,126.0800,127.0000,80.5839,42329700,0.0000
2001-06-01,128.2200,128.3500,125.0000,126.7300,80.4126,37768200,0.0000
2001-05-25,129.8400,132.0900,127.9000,128.1000,81.2819,47532800,0.0000
2001-05-18,124.9000,130.0800,124.4600,129.7400,82.3225,51112900,0.0000
2001-05-11,126.8600,127.5000,124.4000,125.1500,79.4100,38252000,0.0000
2001-05-04,126.4500,127.6900,123.4400,127.3400,80.7996,52989300,0.0000
2001-04-27,123.6500,125.8400,120.9500,125.7800,79.8098,45274600,0.0000
2001-04-20,118.2900,126.0000,116.9100,124.5000,78.9976,72192900,0.0000
2001-04-12,114.0000,118.9900,112.7800,118.8500,75.4126,48863400,0.0000
2001-04-06,116.3000,117.3800,109.3000,113.3000,71.8910,74741900,0.0000
2001-03-30,115.7000,118.6500,112.1400,116.6900,74.0420,55021700,0.0000
2001-03-23,115.7600,118.4600,108.0400,114.4800,72.6397,85642800,0.0000
2001-03-16,122.3400,122.5000,114.8100,115.0100,72.9760,115629200,0.3155
2001-03-09,124.1500,127.7500,123.1100,123.3600,78.0601,34657200,0.0000
2001-03-02,125.8000,127.8400,121.7500,123.6100,78.2183,64980800,0.0000
2001-02-23,131.0400,131.1400,121.8000,124.9600,79.0725,58125400,0.0000
2001-02-16,131.7000,134.1700,129.3000,130.4000,82.5149,33156800,0.0000
2001-02-09,134.8000,136.7000,131.2600,131.8400,83.4261,33064600,0.0000
2001-02-02,135.5000,138.7000,134.7500,134.8000,85.2991,39997600,0.0000
2001-01-26,134.2500,137.3125,133.5625,135.8750,85.9794,39669000,0.0000
2001-01-19,132.0000,136.1875,131.5156,134.0156,84.8028,32283100,0.0000
2001-01-12,129.8750,133.7187,127.6875,132.0000,83.5273,35562900,0.0000
2001-01-05,132.0000,136.0000,127.5625,129.1875,81.7476,50299500,0.0000
2000-12-29,130.8437,134.2812,130.2812,131.1875,83.0132,26652700,0.0000
2000-12-22,132.0625,134.9687,125.5312,130.9375,82.8550,51360700,0.0000
2000-12-15,137.3750,139.5625,130.5625,130.9687,82.8747,34242700,0.4113
2000-12-08,131.8750,139.4687,131.5000,133.9687,84.5077,45573400,0.0000
2000-12-01,136.4687,136.6875,129.7500,132.2187,83.4038,37031000,0.0000
2000-11-24,135.7500,136.3750,132.1250,134.8437,85.0596,22291300,0.0000
2000-11-17,135.6250,140.1093,133.0156,136.6406,86.1931,47027100,0.0000
2000-11-10,143.1562,144.2968,136.5312,136.6250,86.1833,34601900,0.0000
2000-11-03,138.4375,143.9062,138.1562,142.7812,90.0666,41242300,0.0000
2000-10-27,139.9375,141.9375,134.0312,139.2812,87.8588,39287000,0.0000
2000-10-20,137.4062,141.1875,130.1562,139.9062,88.2531,40528800,0.0000
2000-10-13,141.3125,141.3125,132.7812,137.5625,86.7747,45074400,0.0000
2000-10-06,144.2812,145.7500,139.7500,141.0625,88.9825,35595700,0.0000
2000-09-29,145.9375,146.3281,142.1250,143.6250,90.5989,38584900,0.0000
2000-09-22,146.3750,146.9687,142.4218,145.2812,91.6436,31969200,0.0000
2000-09-15,149.7500,151.1875,146.0000,146.0000,92.0970,23881000,0.3753
2000-09-08,151.8750,152.2031,149.3281,149.8125,94.2597,15576700,0.0000
2000-09-01,151.2500,153.5937,150.3437,152.5000,95.9506,21099700,0.0000
2000-08-25,150.0312,151.6250,149.2812,151.2500,95.1641,18290300,0.0000
2000-08-18,147.7812,150.4375,147.0625,149.6875,94.1810,24001500,0.0000
2000-08-11,146.7187,149.2187,145.5625,147.4062,92.7457,22485100,0.0000
2000-08-04,142.9375,146.7187,142.0625,146.3750,92.0968,24945600,0.0000
2000-07-28,148.1250,148.8593,141.5156,142.0937,89.4031,36330200,0.0000
2000-07-21,150.9843,151.9843,147.6875,147.6875,92.9226,27173000,0.0000
2000-07-14,147.8750,151.2500,147.1562,151.2500,95.1641,24828600,0.0000
2000-07-07,145.4375,148.7812,144.2187,148.0937,93.1782,13182800,0.0000
2000-06-30,145.3750,146.9843,143.5156,145.2812,91.4086,28474400,0.0000
2000-06-23,146.4687,149.1562,143.8750,144.3750,90.8385,27055700,0.0000
2000-06-16,146.9687,148.8750,144.6250,146.5937,92.2345,28107200,0.3484
2000-06-09,147.4687,148.2187,145.6250,146.5937,92.0158,25584900,0.0000
2000-06-02,140.0000,149.0937,139.4687,147.8437,92.8004,29343000,0.0000
2000-05-26,141.2500,141.8125,136.5000,138.0000,86.6216,42993000,0.0000
2000-05-19,142.7500,147.7187,140.4062,141.1250,88.5831,29384700,0.0000
2000-05-12,142.7500,143.4687,137.7500,142.8125,89.6423,34030200,0.0000
2000-05-05,146.5625,148.4843,139.7812,143.5312,90.0934,43196900,0.0000
2000-04-28,141.5000,148.7500,140.5000,145.0937,91.0742,59044900,0.0000
2000-04-20,135.1875,145.1250,134.6875,143.8125,90.2700,50078700,0.0000
2000-04-14,151.7500,153.1093,133.5000,136.0000,85.3662,71239600,0.0000
2000-04-07,150.1250,153.0000,141.3906,151.4375,95.0562,48883000,0.0000
2000-03-31,153.3750,153.7812,147.1250,150.3750,94.3892,40621500,0.0000
2000-03-24,146.8750,155.7500,144.5000,153.5625,96.3900,57492300,0.0000
2000-03-17,136.6875,148.0000,135.6875,146.9375,92.2316,64979500,0.3708
2000-03-10,140.8125,142.0000,135.0312,140.1250,87.7340,57263100,0.0000
2000-03-03,133.3750,141.7187,132.7187,141.1250,88.3601,48878800,0.0000
2000-02-25,135.1875,137.4687,133.0937,133.3281,83.4784,56469300,0.0000
2000-02-18,139.7812,141.2187,134.6250,135.3125,84.7208,45445900,0.0000
2000-02-11,142.5625,144.5625,138.0312,138.6875,86.8340,35834100,0.0000
2000-02-04,135.8125,144.0000,135.0000,142.5937,89.2797,38317400,0.0000
2000-01-28,145.6562,145.8437,135.5312,135.8750,85.0730,45836400,0.0000
2000-01-21,145.3437,147.0000,143.8125,144.4375,90.4341,24691300,0.0000
2000-01-14,146.2500,147.4687,142.8750,146.9687,92.0189,32748700,0.0000
2000-01-07,148.2500,148.2500,137.2500,145.7500,91.2559,42725700,0.0000
1999-12-31,146.5000,147.5625,145.0625,146.8750,91.9602,16590500,0.0000
1999-12-23,142.5625,146.4843,141.0937,146.4843,91.7156,23689200,0.0000
1999-12-17,141.4375,143.3125,140.0312,142.6875,89.3384,27459200,0.3476
1999-12-10,143.5312,143.7187,139.3750,141.8750,88.6138,30066500,0.0000
1999-12-03,140.8750,145.3437,139.0000,143.8437,89.8435,38754500,0.0000
1999-11-26,142.4375,143.0000,140.0000,141.4375,88.3406,16227000,0.0000
1999-11-19,139.8437,143.0000,139.4062,142.5000,89.0042,28514400,0.0000
1999-11-12,137.0000,139.9843,136.0781,139.7500,87.2866,32185500,0.0000
